,Date,Temperature,Usage,hour,day_of_week,Usage_scaled,t-1,t-2,t-3
0,2025-06-01 00:00:00,19.8,0.82,0,6,0.03900709219858153,,,
1,2025-06-01 01:00:00,19.2,0.71,1,6,0.01950354609929078,0.82,,
2,2025-06-01 02:00:00,,0.6733333333333333,2,6,0.013002364066193858,0.71,0.82,
3,2025-06-01 03:00:00,,0.6366666666666666,3,6,0.006501182033096908,0.6733333333333333,0.71,0.82
4,2025-06-01 04:00:00,17.7,0.6,4,6,0.0,0.6366666666666666,0.6733333333333333,0.71
5,2025-06-01 05:00:00,17.4,0.6,5,6,0.0,0.6,0.6366666666666666,0.6733333333333333
6,2025-06-01 06:00:00,17.1,0.6,6,6,0.0,0.6,0.6,0.6366666666666666
7,2025-06-01 07:00:00,18.0,0.6,7,6,0.0,0.6,0.6,0.6
8,2025-06-01 08:00:00,20.2,0.9,8,6,0.05319148936170212,0.6,0.6,0.6
9,2025-06-01 09:00:00,22.1,0.9199999999999999,9,6,0.05673758865248224,0.9,0.6,0.6
10,2025-06-01 10:00:00,23.5,0.94,10,6,0.06028368794326239,0.9199999999999999,0.9,0.6
11,2025-06-01 11:00:00,25.3,1.57,11,6,0.17198581560283688,0.94,0.9199999999999999,0.9
12,2025-06-01 12:00:00,26.9,1.85,12,6,0.22163120567375888,1.57,0.94,0.9199999999999999
13,2025-06-01 13:00:00,27.6,1.86,13,6,0.22340425531914893,1.85,1.57,0.94
14,2025-06-01 14:00:00,28.6,2.25,14,6,0.29255319148936165,1.86,1.85,1.57
15,2025-06-01 15:00:00,29.1,2.2,15,6,0.28368794326241137,2.25,1.86,1.85
16,2025-06-01 16:00:00,28.2,2.15,16,6,0.2748226950354609,2.2,2.25,1.86
17,2025-06-01 17:00:00,26.6,1.59,17,6,0.17553191489361702,2.15,2.2,2.25
18,2025-06-01 18:00:00,25.3,1.19,18,6,0.10460992907801417,1.59,2.15,2.2
19,2025-06-01 19:00:00,24.0,0.9,19,6,0.05319148936170212,1.19,1.59,2.15
20,2025-06-01 20:00:00,22.7,0.94,20,6,0.06028368794326239,0.9,1.19,1.59
21,2025-06-01 21:00:00,22.2,0.865,21,6,0.04698581560283688,0.94,0.9,1.19
22,2025-06-01 22:00:00,21.4,0.79,22,6,0.03368794326241134,0.865,0.94,0.9
23,2025-06-01 23:00:00,20.9,0.95,23,6,0.06205673758865246,0.79,0.865,0.94
24,2025-06-02 00:00:00,20.3,0.62,0,0,0.003546099290780147,0.95,0.79,0.865
25,2025-06-02 01:00:00,20.0,0.63,1,0,0.0053191489361702066,0.62,0.95,0.79
26,2025-06-02 02:00:00,19.6,0.75,2,0,0.026595744680851074,0.63,0.62,0.95
27,2025-06-02 03:00:00,19.6,0.85,3,0,0.044326241134751754,0.75,0.63,0.62
28,2025-06-02 04:00:00,19.6,0.74,4,0,0.024822695035461,0.85,0.75,0.63
29,2025-06-02 05:00:00,19.3,0.6699999999999999,5,0,0.012411347517730487,0.74,0.85,0.75
30,2025-06-02 06:00:00,19.3,0.6,6,0,0.0,0.6699999999999999,0.74,0.85
31,2025-06-02 07:00:00,19.5,0.6,7,0,0.0,0.6,0.6699999999999999,0.74
32,2025-06-02 08:00:00,19.9,0.68,8,0,0.014184397163120574,0.6,0.6,0.6699999999999999
33,2025-06-02 09:00:00,20.5,0.73,9,0,0.023049645390070927,0.68,0.6,0.6
34,2025-06-02 10:00:00,21.2,0.65,10,0,0.008865248226950354,0.73,0.68,0.6
35,2025-06-02 11:00:00,21.1,0.99,11,0,0.06914893617021275,0.65,0.73,0.68
36,2025-06-02 12:00:00,21.4,0.91,12,0,0.054964539007092195,0.99,0.65,0.73
37,2025-06-02 13:00:00,22.1,0.92,13,0,0.05673758865248227,0.91,0.99,0.65
38,2025-06-02 14:00:00,22.3,0.72,14,0,0.021276595744680854,0.92,0.91,0.99
39,2025-06-02 15:00:00,22.9,0.83,15,0,0.04078014184397161,0.72,0.92,0.91
40,2025-06-02 16:00:00,23.0,0.89,16,0,0.05141843971631205,0.83,0.72,0.92
41,2025-06-02 17:00:00,23.0,1.0,17,0,0.07092198581560283,0.89,0.83,0.72
42,2025-06-02 18:00:00,22.6,0.83,18,0,0.04078014184397161,1.0,0.89,0.83
43,2025-06-02 19:00:00,22.0,0.88,19,0,0.049645390070921974,0.83,1.0,0.89
44,2025-06-02 20:00:00,21.4,0.78,20,0,0.03191489361702127,0.88,0.83,1.0
45,2025-06-02 21:00:00,21.1,0.81,21,0,0.03723404255319149,0.78,0.88,0.83
46,2025-06-02 22:00:00,20.8,0.88,22,0,0.049645390070921974,0.81,0.78,0.88
47,2025-06-02 23:00:00,20.5,0.89,23,0,0.05141843971631205,0.88,0.81,0.78
48,2025-06-03 00:00:00,20.2,0.65,0,1,0.008865248226950354,0.89,0.88,0.81
49,2025-06-03 01:00:00,20.1,0.6,1,1,0.0,0.65,0.89,0.88
50,2025-06-03 02:00:00,19.9,0.73,2,1,0.023049645390070927,0.6,0.65,0.89
51,2025-06-03 03:00:00,19.7,0.72,3,1,0.021276595744680854,0.73,0.6,0.65
52,2025-06-03 04:00:00,19.3,0.7,4,1,0.017730496453900693,0.72,0.73,0.6
53,2025-06-03 05:00:00,18.6,0.73,5,1,0.023049645390070927,0.7,0.72,0.73
54,2025-06-03 06:00:00,18.0,0.6,6,1,0.0,0.73,0.7,0.72
55,2025-06-03 07:00:00,18.6,0.79,7,1,0.03368794326241134,0.6,0.73,0.7
56,2025-06-03 08:00:00,20.0,0.72,8,1,0.021276595744680854,0.79,0.6,0.73
57,2025-06-03 09:00:00,21.4,0.73,9,1,0.023049645390070927,0.72,0.79,0.6
58,2025-06-03 10:00:00,23.0,0.84,10,1,0.04255319148936168,0.73,0.72,0.79
59,2025-06-03 11:00:00,24.2,0.98,11,1,0.06737588652482268,0.84,0.73,0.72
60,2025-06-03 12:00:00,24.7,1.15,12,1,0.09751773049645387,0.98,0.84,0.73
61,2025-06-03 13:00:00,24.4,1.11,13,1,0.09042553191489364,1.15,0.98,0.84
62,2025-06-03 14:00:00,23.7,0.7,14,1,0.017730496453900693,1.11,1.15,0.98
63,2025-06-03 15:00:00,23.7,0.96,15,1,0.06382978723404253,0.7,1.11,1.15
64,2025-06-03 16:00:00,23.3,0.85,16,1,0.044326241134751754,0.96,0.7,1.11
65,2025-06-03 17:00:00,23.5,0.97,17,1,0.06560283687943261,0.85,0.96,0.7
66,2025-06-03 18:00:00,23.3,0.6,18,1,0.0,0.97,0.85,0.96
67,2025-06-03 19:00:00,22.1,0.82,19,1,0.03900709219858153,0.6,0.97,0.85
68,2025-06-03 20:00:00,20.4,0.73,20,1,0.023049645390070927,0.82,0.6,0.97
69,2025-06-03 21:00:00,19.2,0.62,21,1,0.003546099290780147,0.73,0.82,0.6
70,2025-06-03 22:00:00,18.3,0.82,22,1,0.03900709219858153,0.62,0.73,0.82
71,2025-06-03 23:00:00,17.5,0.6,23,1,0.0,0.82,0.62,0.73
72,2025-06-04 00:00:00,17.0,0.73,0,2,0.023049645390070927,0.6,0.82,0.62
73,2025-06-04 01:00:00,16.8,0.73,1,2,0.023049645390070927,0.73,0.6,0.82
74,2025-06-04 02:00:00,16.3,0.6,2,2,0.0,0.73,0.73,0.6
75,2025-06-04 03:00:00,16.0,0.6,3,2,0.0,0.6,0.73,0.73
76,2025-06-04 04:00:00,15.7,0.65,4,2,0.008865248226950354,0.6,0.6,0.73
77,2025-06-04 05:00:00,15.3,0.6,5,2,0.0,0.65,0.6,0.6
78,2025-06-04 06:00:00,15.5,0.6,6,2,0.0,0.6,0.65,0.6
79,2025-06-04 07:00:00,16.4,0.64,7,2,0.00709219858156028,0.6,0.6,0.65
80,2025-06-04 08:00:00,18.6,0.73,8,2,0.023049645390070927,0.64,0.6,0.6
81,2025-06-04 09:00:00,20.3,0.8,9,2,0.035460992907801414,0.73,0.64,0.6
82,2025-06-04 10:00:00,22.3,0.98,10,2,0.06737588652482268,0.8,0.73,0.64
83,2025-06-04 11:00:00,23.5,1.06,11,2,0.08156028368794327,0.98,0.8,0.73
84,2025-06-04 12:00:00,24.8,1.24,12,2,0.11347517730496454,1.06,0.98,0.8
85,2025-06-04 13:00:00,24.9,1.3,13,2,0.12411347517730495,1.24,1.06,0.98
86,2025-06-04 14:00:00,24.8,1.16,14,2,0.09929078014184395,1.3,1.24,1.06
87,2025-06-04 15:00:00,24.9,1.19,15,2,0.10460992907801417,1.16,1.3,1.24
88,2025-06-04 16:00:00,24.3,1.06,16,2,0.08156028368794327,1.19,1.16,1.3
89,2025-06-04 17:00:00,23.3,0.86,17,2,0.04609929078014183,1.06,1.19,1.16
90,2025-06-04 18:00:00,23.1,0.78,18,2,0.03191489361702127,0.86,1.06,1.19
91,2025-06-04 19:00:00,22.3,0.97,19,2,0.06560283687943261,0.78,0.86,1.06
92,2025-06-04 20:00:00,21.2,0.68,20,2,0.014184397163120574,0.97,0.78,0.86
93,2025-06-04 21:00:00,20.4,0.74,21,2,0.024822695035461,0.68,0.97,0.78
94,2025-06-04 22:00:00,19.8,0.65,22,2,0.008865248226950354,0.74,0.68,0.97
95,2025-06-04 23:00:00,19.2,0.74,23,2,0.024822695035461,0.65,0.74,0.68
96,2025-06-05 00:00:00,18.6,0.7,0,3,0.017730496453900693,0.74,0.65,0.74
97,2025-06-05 01:00:00,17.9,0.6,1,3,0.0,0.7,0.74,0.65
98,2025-06-05 02:00:00,17.4,0.68,2,3,0.014184397163120574,0.6,0.7,0.74
99,2025-06-05 03:00:00,17.0,0.6,3,3,0.0,0.68,0.6,0.7
100,2025-06-05 04:00:00,16.4,0.6,4,3,0.0,0.6,0.68,0.6
101,2025-06-05 05:00:00,16.0,0.61,5,3,0.0017730496453900735,0.6,0.6,0.68
102,2025-06-05 06:00:00,15.7,0.68,6,3,0.014184397163120574,0.61,0.6,0.6
103,2025-06-05 07:00:00,16.6,0.6,7,3,0.0,0.68,0.61,0.6
104,2025-06-05 08:00:00,19.0,0.7,8,3,0.017730496453900693,0.6,0.68,0.61
105,2025-06-05 09:00:00,21.2,0.66,9,3,0.010638297872340427,0.7,0.6,0.68
106,2025-06-05 10:00:00,23.5,0.83,10,3,0.04078014184397161,0.66,0.7,0.6
107,2025-06-05 11:00:00,24.8,1.23,11,3,0.11170212765957446,0.83,0.66,0.7
108,2025-06-05 12:00:00,25.6,1.33,12,3,0.12943262411347517,1.23,0.83,0.66
109,2025-06-05 13:00:00,26.4,1.74,13,3,0.20212765957446804,1.33,1.23,0.83
110,2025-06-05 14:00:00,26.6,1.69,14,3,0.1932624113475177,1.74,1.33,1.23
111,2025-06-05 15:00:00,26.4,1.44,15,3,0.14893617021276595,1.69,1.74,1.33
112,2025-06-05 16:00:00,26.6,1.5,16,3,0.1595744680851064,1.44,1.69,1.74
113,2025-06-05 17:00:00,26.8,1.63,17,3,0.18262411347517726,1.5,1.44,1.69
114,2025-06-05 18:00:00,26.1,1.45,18,3,0.150709219858156,1.63,1.5,1.44
115,2025-06-05 19:00:00,25.0,1.24,19,3,0.11347517730496454,1.45,1.63,1.5
116,2025-06-05 20:00:00,23.0,1.01,20,3,0.0726950354609929,1.24,1.45,1.63
117,2025-06-05 21:00:00,21.6,0.69,21,3,0.015957446808510634,1.01,1.24,1.45
118,2025-06-05 22:00:00,20.9,0.83,22,3,0.04078014184397161,0.69,1.01,1.24
119,2025-06-05 23:00:00,20.6,0.76,23,3,0.02836879432624112,0.83,0.69,1.01
120,2025-06-06 00:00:00,20.2,0.79,0,4,0.03368794326241134,0.76,0.83,0.69
121,2025-06-06 01:00:00,19.5,0.86,1,4,0.04609929078014183,0.79,0.76,0.83
122,2025-06-06 02:00:00,19.3,0.6,2,4,0.0,0.86,0.79,0.76
123,2025-06-06 03:00:00,18.7,0.78,3,4,0.03191489361702127,0.6,0.86,0.79
124,2025-06-06 04:00:00,18.4,0.65,4,4,0.008865248226950354,0.78,0.6,0.86
125,2025-06-06 05:00:00,17.9,0.6,5,4,0.0,0.65,0.78,0.6
126,2025-06-06 06:00:00,17.9,0.6,6,4,0.0,0.6,0.65,0.78
127,2025-06-06 07:00:00,19.1,0.61,7,4,0.0017730496453900735,0.6,0.6,0.65
128,2025-06-06 08:00:00,21.1,0.72,8,4,0.021276595744680854,0.61,0.6,0.6
129,2025-06-06 09:00:00,23.8,0.87,9,4,0.0478723404255319,0.72,0.61,0.6
130,2025-06-06 10:00:00,25.8,1.47,10,4,0.15425531914893614,0.87,0.72,0.61
131,2025-06-06 11:00:00,26.9,1.73,11,4,0.200354609929078,1.47,0.87,0.72
132,2025-06-06 12:00:00,28.5,1.9,12,4,0.23049645390070916,1.73,1.47,0.87
133,2025-06-06 13:00:00,29.2,2.26,13,4,0.2943262411347517,1.9,1.73,1.47
134,2025-06-06 14:00:00,29.7,2.35,14,4,0.3102836879432624,2.26,1.9,1.73
135,2025-06-06 15:00:00,29.4,2.12,15,4,0.2695035460992908,2.35,2.26,1.9
136,2025-06-06 16:00:00,29.0,2.42,16,4,0.3226950354609929,2.12,2.35,2.26
137,2025-06-06 17:00:00,27.8,2.09,17,4,0.26418439716312053,2.42,2.12,2.35
138,2025-06-06 18:00:00,27.2,1.8,18,4,0.21276595744680848,2.09,2.42,2.12
139,2025-06-06 19:00:00,25.7,1.41,19,4,0.1436170212765957,1.8,2.09,2.42
140,2025-06-06 20:00:00,24.9,1.29,20,4,0.12234042553191488,1.41,1.8,2.09
141,2025-06-06 21:00:00,24.1,1.0,21,4,0.07092198581560283,1.29,1.41,1.8
142,2025-06-06 22:00:00,23.5,0.96,22,4,0.06382978723404253,1.0,1.29,1.41
143,2025-06-06 23:00:00,23.0,0.8,23,4,0.035460992907801414,0.96,1.0,1.29
144,2025-06-07 00:00:00,22.8,0.71,0,5,0.01950354609929078,0.8,0.96,1.0
145,2025-06-07 01:00:00,22.6,0.95,1,5,0.06205673758865246,0.71,0.8,0.96
146,2025-06-07 02:00:00,22.2,0.74,2,5,0.024822695035461,0.95,0.71,0.8
147,2025-06-07 03:00:00,21.4,0.83,3,5,0.04078014184397161,0.74,0.95,0.71
148,2025-06-07 04:00:00,20.6,0.78,4,5,0.03191489361702127,0.83,0.74,0.95
149,2025-06-07 05:00:00,19.9,0.82,5,5,0.03900709219858153,0.78,0.83,0.74
150,2025-06-07 06:00:00,19.8,0.77,6,5,0.030141843971631194,0.82,0.78,0.83
151,2025-06-07 07:00:00,20.6,0.82,7,5,0.03900709219858153,0.77,0.82,0.78
152,2025-06-07 08:00:00,22.9,0.9,8,5,0.05319148936170212,0.82,0.77,0.82
153,2025-06-07 09:00:00,23.7,1.12,9,5,0.09219858156028368,0.9,0.82,0.77
154,2025-06-07 10:00:00,25.3,1.25,10,5,0.11524822695035458,1.12,0.9,0.82
155,2025-06-07 11:00:00,24.9,1.04,11,5,0.07801418439716312,1.25,1.12,0.9
156,2025-06-07 12:00:00,25.2,1.32,12,5,0.1276595744680851,1.04,1.25,1.12
157,2025-06-07 13:00:00,26.1,1.65,13,5,0.1861702127659574,1.32,1.04,1.25
158,2025-06-07 14:00:00,27.0,1.85,14,5,0.22163120567375888,1.65,1.32,1.04
159,2025-06-07 15:00:00,27.9,2.27,15,5,0.2960992907801418,1.85,1.65,1.32
160,2025-06-07 16:00:00,28.2,2.07,16,5,0.2606382978723404,2.27,1.85,1.65
161,2025-06-07 17:00:00,27.2,1.93,17,5,0.2358156028368794,2.07,2.27,1.85
162,2025-06-07 18:00:00,25.7,1.56,18,5,0.17021276595744678,1.93,2.07,2.27
163,2025-06-07 19:00:00,24.7,1.15,19,5,0.09751773049645387,1.56,1.93,2.07
164,2025-06-07 20:00:00,24.0,0.95,20,5,0.06205673758865246,1.15,1.56,1.93
165,2025-06-07 21:00:00,23.5,0.79,21,5,0.03368794326241134,0.95,1.15,1.56
166,2025-06-07 22:00:00,23.0,0.84,22,5,0.04255319148936168,0.79,0.95,1.15
167,2025-06-07 23:00:00,22.3,0.92,23,5,0.05673758865248227,0.84,0.79,0.95
168,2025-06-08 00:00:00,22.2,0.95,0,6,0.06205673758865246,0.92,0.84,0.79
169,2025-06-08 01:00:00,21.6,0.74,1,6,0.024822695035461,0.95,0.92,0.84
170,2025-06-08 02:00:00,21.6,0.91,2,6,0.054964539007092195,0.74,0.95,0.92
171,2025-06-08 03:00:00,21.6,0.92,3,6,0.05673758865248227,0.91,0.74,0.95
172,2025-06-08 04:00:00,21.5,0.68,4,6,0.014184397163120574,0.92,0.91,0.74
173,2025-06-08 05:00:00,21.5,0.65,5,6,0.008865248226950354,0.68,0.92,0.91
174,2025-06-08 06:00:00,21.5,0.68,6,6,0.014184397163120574,0.65,0.68,0.92
175,2025-06-08 07:00:00,21.9,0.97,7,6,0.06560283687943261,0.68,0.65,0.68
176,2025-06-08 08:00:00,22.7,0.78,8,6,0.03191489361702127,0.97,0.68,0.65
177,2025-06-08 09:00:00,23.5,0.82,9,6,0.03900709219858153,0.78,0.97,0.68
178,2025-06-08 10:00:00,25.8,1.29,10,6,0.12234042553191488,0.82,0.78,0.97
179,2025-06-08 11:00:00,25.8,1.65,11,6,0.1861702127659574,1.29,0.82,0.78
180,2025-06-08 12:00:00,28.5,2.23,12,6,0.2890070921985815,1.65,1.29,0.82
181,2025-06-08 13:00:00,29.2,2.24,13,6,0.2907801418439716,2.23,1.65,1.29
182,2025-06-08 14:00:00,30.1,2.54,14,6,0.3439716312056737,2.24,2.23,1.65
183,2025-06-08 15:00:00,29.8,2.46,15,6,0.32978723404255317,2.54,2.24,2.23
184,2025-06-08 16:00:00,29.1,2.23,16,6,0.2890070921985815,2.46,2.54,2.24
185,2025-06-08 17:00:00,28.6,2.26,17,6,0.2943262411347517,2.23,2.46,2.54
186,2025-06-08 18:00:00,27.9,2.16,18,6,0.2765957446808511,2.26,2.23,2.46
187,2025-06-08 19:00:00,26.7,1.82,19,6,0.21631205673758863,2.16,2.26,2.23
188,2025-06-08 20:00:00,25.5,1.43,20,6,0.14716312056737585,1.82,2.16,2.26
189,2025-06-08 21:00:00,24.6,0.98,21,6,0.06737588652482268,1.43,1.82,2.16
190,2025-06-08 22:00:00,24.1,1.04,22,6,0.07801418439716312,0.98,1.43,1.82
191,2025-06-08 23:00:00,23.4,0.93,23,6,0.05851063829787234,1.04,0.98,1.43
192,2025-06-09 00:00:00,23.5,0.66,0,0,0.010638297872340427,0.93,1.04,0.98
193,2025-06-09 01:00:00,23.2,0.88,1,0,0.049645390070921974,0.66,0.93,1.04
194,2025-06-09 02:00:00,22.9,0.87,2,0,0.0478723404255319,0.88,0.66,0.93
195,2025-06-09 03:00:00,22.1,0.84,3,0,0.04255319148936168,0.87,0.88,0.66
196,2025-06-09 04:00:00,21.5,0.9,4,0,0.05319148936170212,0.84,0.87,0.88
197,2025-06-09 05:00:00,20.9,0.87,5,0,0.0478723404255319,0.9,0.84,0.87
198,2025-06-09 06:00:00,20.7,0.65,6,0,0.008865248226950354,0.87,0.9,0.84
199,2025-06-09 07:00:00,21.1,0.7,7,0,0.017730496453900693,0.65,0.87,0.9
200,2025-06-09 08:00:00,22.0,0.93,8,0,0.05851063829787234,0.7,0.65,0.87
201,2025-06-09 09:00:00,23.1,0.88,9,0,0.049645390070921974,0.93,0.7,0.65
202,2025-06-09 10:00:00,24.7,1.09,10,0,0.08687943262411349,0.88,0.93,0.7
203,2025-06-09 11:00:00,26.1,1.58,11,0,0.17375886524822692,1.09,0.88,0.93
204,2025-06-09 12:00:00,27.9,2.22,12,0,0.2872340425531915,1.58,1.09,0.88
205,2025-06-09 13:00:00,29.5,2.58,13,0,0.351063829787234,2.22,1.58,1.09
206,2025-06-09 14:00:00,29.6,2.42,14,0,0.3226950354609929,2.58,2.22,1.58
207,2025-06-09 15:00:00,29.7,2.47,15,0,0.33156028368794327,2.42,2.58,2.22
208,2025-06-09 16:00:00,29.9,2.51,16,0,0.33865248226950345,2.47,2.42,2.58
209,2025-06-09 17:00:00,29.7,2.47,17,0,0.33156028368794327,2.51,2.47,2.42
210,2025-06-09 18:00:00,27.5,2.05,18,0,0.25709219858156024,2.47,2.51,2.47
211,2025-06-09 19:00:00,25.2,1.27,19,0,0.11879432624113473,2.05,2.47,2.51
212,2025-06-09 20:00:00,23.3,0.99,20,0,0.06914893617021275,1.27,2.05,2.47
213,2025-06-09 21:00:00,22.2,0.63,21,0,0.0053191489361702066,0.99,1.27,2.05
214,2025-06-09 22:00:00,21.7,0.87,22,0,0.0478723404255319,0.63,0.99,1.27
215,2025-06-09 23:00:00,21.3,0.9,23,0,0.05319148936170212,0.87,0.63,0.99
216,2025-06-10 00:00:00,20.6,0.79,0,1,0.03368794326241134,0.9,0.87,0.63
217,2025-06-10 01:00:00,20.5,0.69,1,1,0.015957446808510634,0.79,0.9,0.87
218,2025-06-10 02:00:00,20.7,0.83,2,1,0.04078014184397161,0.69,0.79,0.9
219,2025-06-10 03:00:00,20.2,0.68,3,1,0.014184397163120574,0.83,0.69,0.79
220,2025-06-10 04:00:00,20.1,0.68,4,1,0.014184397163120574,0.68,0.83,0.69
221,2025-06-10 05:00:00,19.9,0.61,5,1,0.0017730496453900735,0.68,0.68,0.83
222,2025-06-10 06:00:00,19.9,0.76,6,1,0.02836879432624112,0.61,0.68,0.68
223,2025-06-10 07:00:00,21.0,0.79,7,1,0.03368794326241134,0.76,0.61,0.68
224,2025-06-10 08:00:00,22.2,0.78,8,1,0.03191489361702127,0.79,0.76,0.61
225,2025-06-10 09:00:00,22.9,0.81,9,1,0.03723404255319149,0.78,0.79,0.76
226,2025-06-10 10:00:00,23.3,0.84,10,1,0.04255319148936168,0.81,0.78,0.79
227,2025-06-10 11:00:00,22.9,0.87,11,1,0.0478723404255319,0.84,0.81,0.78
228,2025-06-10 12:00:00,22.7,0.87,12,1,0.0478723404255319,0.87,0.84,0.81
229,2025-06-10 13:00:00,22.6,0.78,13,1,0.03191489361702127,0.87,0.87,0.84
230,2025-06-10 14:00:00,22.9,0.95,14,1,0.06205673758865246,0.78,0.87,0.87
231,2025-06-10 15:00:00,23.7,0.85,15,1,0.044326241134751754,0.95,0.78,0.87
232,2025-06-10 16:00:00,24.0,0.82,16,1,0.03900709219858153,0.85,0.95,0.78
233,2025-06-10 17:00:00,25.2,1.26,17,1,0.11702127659574466,0.82,0.85,0.95
234,2025-06-10 18:00:00,24.3,1.03,18,1,0.07624113475177305,1.26,0.82,0.85
235,2025-06-10 19:00:00,22.5,0.82,19,1,0.03900709219858153,1.03,1.26,0.82
236,2025-06-10 20:00:00,21.6,0.9,20,1,0.05319148936170212,0.82,1.03,1.26
237,2025-06-10 21:00:00,20.8,0.9,21,1,0.05319148936170212,0.9,0.82,1.03
238,2025-06-10 22:00:00,19.9,0.79,22,1,0.03368794326241134,0.9,0.9,0.82
239,2025-06-10 23:00:00,19.6,0.85,23,1,0.044326241134751754,0.79,0.9,0.9
240,2025-06-11 00:00:00,18.8,0.78,0,2,0.03191489361702127,0.85,0.79,0.9
241,2025-06-11 01:00:00,18.3,0.6,1,2,0.0,0.78,0.85,0.79
242,2025-06-11 02:00:00,17.9,0.75,2,2,0.026595744680851074,0.6,0.78,0.85
243,2025-06-11 03:00:00,17.2,0.6,3,2,0.0,0.75,0.6,0.78
244,2025-06-11 04:00:00,16.6,0.63,4,2,0.0053191489361702066,0.6,0.75,0.6
245,2025-06-11 05:00:00,16.1,0.6,5,2,0.0,0.63,0.6,0.75
246,2025-06-11 06:00:00,16.0,0.6,6,2,0.0,0.6,0.63,0.6
247,2025-06-11 07:00:00,17.5,0.6,7,2,0.0,0.6,0.6,0.63
248,2025-06-11 08:00:00,19.6,0.7,8,2,0.017730496453900693,0.6,0.6,0.6
249,2025-06-11 09:00:00,22.2,0.98,9,2,0.06737588652482268,0.7,0.6,0.6
250,2025-06-11 10:00:00,23.9,1.0,10,2,0.07092198581560283,0.98,0.7,0.6
251,2025-06-11 11:00:00,25.8,1.37,11,2,0.13652482269503546,1.0,0.98,0.7
252,2025-06-11 12:00:00,27.1,1.81,12,2,0.21453900709219859,1.37,1.0,0.98
253,2025-06-11 13:00:00,28.0,2.09,13,2,0.26418439716312053,1.81,1.37,1.0
254,2025-06-11 14:00:00,27.8,1.88,14,2,0.22695035460992902,2.09,1.81,1.37
255,2025-06-11 15:00:00,28.3,2.04,15,2,0.2553191489361702,1.88,2.09,1.81
256,2025-06-11 16:00:00,28.1,2.0,16,2,0.2482269503546099,2.04,1.88,2.09
257,2025-06-11 17:00:00,27.7,2.04,17,2,0.2553191489361702,2.0,2.04,1.88
258,2025-06-11 18:00:00,27.2,1.65,18,2,0.1861702127659574,2.04,2.0,2.04
259,2025-06-11 19:00:00,25.3,1.25,19,2,0.11524822695035458,1.65,2.04,2.0
260,2025-06-11 20:00:00,24.1,0.96,20,2,0.06382978723404253,1.25,1.65,2.04
261,2025-06-11 21:00:00,22.8,0.8,21,2,0.035460992907801414,0.96,1.25,1.65
262,2025-06-11 22:00:00,21.7,0.86,22,2,0.04609929078014183,0.8,0.96,1.25
263,2025-06-11 23:00:00,21.1,0.81,23,2,0.03723404255319149,0.86,0.8,0.96
264,2025-06-12 00:00:00,20.5,0.81,0,3,0.03723404255319149,0.81,0.86,0.8
265,2025-06-12 01:00:00,19.9,0.72,1,3,0.021276595744680854,0.81,0.81,0.86
266,2025-06-12 02:00:00,19.4,0.8,2,3,0.035460992907801414,0.72,0.81,0.81
267,2025-06-12 03:00:00,19.0,0.6,3,3,0.0,0.8,0.72,0.81
268,2025-06-12 04:00:00,18.5,0.79,4,3,0.03368794326241134,0.6,0.8,0.72
269,2025-06-12 05:00:00,18.1,0.65,5,3,0.008865248226950354,0.79,0.6,0.8
270,2025-06-12 06:00:00,17.9,0.6,6,3,0.0,0.65,0.79,0.6
271,2025-06-12 07:00:00,19.7,0.6,7,3,0.0,0.6,0.65,0.79
272,2025-06-12 08:00:00,22.1,0.86,8,3,0.04609929078014183,0.6,0.6,0.65
273,2025-06-12 09:00:00,24.3,1.05,9,3,0.0797872340425532,0.86,0.6,0.6
274,2025-06-12 10:00:00,26.4,1.52,10,3,0.16312056737588648,1.05,0.86,0.6
275,2025-06-12 11:00:00,28.1,2.11,11,3,0.2677304964539007,1.52,1.05,0.86
276,2025-06-12 12:00:00,29.7,2.58,12,3,0.351063829787234,2.11,1.52,1.05
277,2025-06-12 13:00:00,31.1,3.09,13,3,0.44148936170212755,2.58,2.11,1.52
278,2025-06-12 14:00:00,31.9,3.39,14,3,0.4946808510638297,3.09,2.58,2.11
279,2025-06-12 15:00:00,32.5,3.76,15,3,0.5602836879432622,3.39,3.09,2.58
280,2025-06-12 16:00:00,32.7,3.99,16,3,0.6010638297872339,3.76,3.39,3.09
281,2025-06-12 17:00:00,32.3,3.75,17,3,0.5585106382978722,3.99,3.76,3.39
282,2025-06-12 18:00:00,30.3,2.62,18,3,0.3581560283687943,3.75,3.99,3.76
283,2025-06-12 19:00:00,28.6,2.32,19,3,0.30496453900709214,2.62,3.75,3.99
284,2025-06-12 20:00:00,27.2,1.75,20,3,0.20390070921985815,2.32,2.62,3.75
285,2025-06-12 21:00:00,26.1,1.58,21,3,0.17375886524822692,1.75,2.32,2.62
286,2025-06-12 22:00:00,25.6,1.48,22,3,0.15602836879432624,1.58,1.75,2.32
287,2025-06-12 23:00:00,24.9,1.28,23,3,0.1205673758865248,1.48,1.58,1.75
288,2025-06-13 00:00:00,24.1,0.97,0,4,0.06560283687943261,1.28,1.48,1.58
289,2025-06-13 01:00:00,23.8,0.88,1,4,0.049645390070921974,0.97,1.28,1.48
290,2025-06-13 02:00:00,23.0,0.83,2,4,0.04078014184397161,0.88,0.97,1.28
291,2025-06-13 03:00:00,22.3,0.85,3,4,0.044326241134751754,0.83,0.88,0.97
292,2025-06-13 04:00:00,21.6,0.96,4,4,0.06382978723404253,0.85,0.83,0.88
293,2025-06-13 05:00:00,21.2,0.85,5,4,0.044326241134751754,0.96,0.85,0.83
294,2025-06-13 06:00:00,21.1,0.87,6,4,0.0478723404255319,0.85,0.96,0.85
295,2025-06-13 07:00:00,21.8,0.74,7,4,0.024822695035461,0.87,0.85,0.96
296,2025-06-13 08:00:00,23.6,0.78,8,4,0.03191489361702127,0.74,0.87,0.85
297,2025-06-13 09:00:00,25.4,1.37,9,4,0.13652482269503546,0.78,0.74,0.87
298,2025-06-13 10:00:00,27.0,1.85,10,4,0.22163120567375888,1.37,0.78,0.74
299,2025-06-13 11:00:00,28.5,2.21,11,4,0.28546099290780136,1.85,1.37,0.78
300,2025-06-13 12:00:00,28.7,2.18,12,4,0.2801418439716312,2.21,1.85,1.37
301,2025-06-13 13:00:00,29.0,2.18,13,4,0.2801418439716312,2.18,2.21,1.85
302,2025-06-13 14:00:00,28.6,2.04,14,4,0.2553191489361702,2.18,2.18,2.21
303,2025-06-13 15:00:00,27.8,1.99,15,4,0.24645390070921985,2.04,2.18,2.18
304,2025-06-13 16:00:00,27.5,1.79,16,4,0.21099290780141844,1.99,2.04,2.18
305,2025-06-13 17:00:00,26.4,1.81,17,4,0.21453900709219859,1.79,1.99,2.04
306,2025-06-13 18:00:00,24.5,1.16,18,4,0.09929078014184395,1.81,1.79,1.99
307,2025-06-13 19:00:00,23.0,1.0,19,4,0.07092198581560283,1.16,1.81,1.79
308,2025-06-13 20:00:00,22.1,0.88,20,4,0.049645390070921974,1.0,1.16,1.81
309,2025-06-13 21:00:00,21.9,0.93,21,4,0.05851063829787234,0.88,1.0,1.16
310,2025-06-13 22:00:00,20.4,0.94,22,4,0.06028368794326239,0.93,0.88,1.0
311,2025-06-13 23:00:00,20.2,0.66,23,4,0.010638297872340427,0.94,0.93,0.88
312,2025-06-14 00:00:00,20.4,0.87,0,5,0.0478723404255319,0.66,0.94,0.93
313,2025-06-14 01:00:00,20.3,0.84,1,5,0.04255319148936168,0.87,0.66,0.94
314,2025-06-14 02:00:00,20.4,0.7,2,5,0.017730496453900693,0.84,0.87,0.66
315,2025-06-14 03:00:00,20.5,0.69,3,5,0.015957446808510634,0.7,0.84,0.87
316,2025-06-14 04:00:00,20.5,0.83,4,5,0.04078014184397161,0.69,0.7,0.84
317,2025-06-14 05:00:00,20.7,0.87,5,5,0.0478723404255319,0.83,0.69,0.7
318,2025-06-14 06:00:00,20.8,0.86,6,5,0.04609929078014183,0.87,0.83,0.69
319,2025-06-14 07:00:00,21.1,0.68,7,5,0.014184397163120574,0.86,0.87,0.83
320,2025-06-14 08:00:00,21.8,0.81,8,5,0.03723404255319149,0.68,0.86,0.87
321,2025-06-14 09:00:00,22.9,0.75,9,5,0.026595744680851074,0.81,0.68,0.86
322,2025-06-14 10:00:00,24.6,1.4,10,5,0.14184397163120563,0.75,0.81,0.68
323,2025-06-14 11:00:00,26.7,1.65,11,5,0.1861702127659574,1.4,0.75,0.81
324,2025-06-14 12:00:00,28.2,1.89,12,5,0.22872340425531912,1.65,1.4,0.75
325,2025-06-14 13:00:00,30.1,2.52,13,5,0.34042553191489355,1.89,1.65,1.4
326,2025-06-14 14:00:00,30.8,2.83,14,5,0.3953900709219858,2.52,1.89,1.65
327,2025-06-14 15:00:00,31.6,3.5,15,5,0.5141843971631206,2.83,2.52,1.89
328,2025-06-14 16:00:00,31.2,3.18,16,5,0.4574468085106383,3.5,2.83,2.52
329,2025-06-14 17:00:00,32.1,3.63,17,5,0.5372340425531914,3.18,3.5,2.83
330,2025-06-14 18:00:00,31.6,3.28,18,5,0.47517730496453886,3.63,3.18,3.5
331,2025-06-14 19:00:00,29.6,2.41,19,5,0.32092198581560283,3.28,3.63,3.18
332,2025-06-14 20:00:00,27.6,1.85,20,5,0.22163120567375888,2.41,3.28,3.63
333,2025-06-14 21:00:00,25.8,1.24,21,5,0.11347517730496454,1.85,2.41,3.28
334,2025-06-14 22:00:00,24.5,1.13,22,5,0.09397163120567373,1.24,1.85,2.41
335,2025-06-14 23:00:00,24.1,1.03,23,5,0.07624113475177305,1.13,1.24,1.85
336,2025-06-15 00:00:00,23.7,0.69,0,6,0.015957446808510634,1.03,1.13,1.24
337,2025-06-15 01:00:00,23.2,0.96,1,6,0.06382978723404253,0.69,1.03,1.13
338,2025-06-15 02:00:00,22.8,0.86,2,6,0.04609929078014183,0.96,0.69,1.03
339,2025-06-15 03:00:00,22.7,0.91,3,6,0.054964539007092195,0.86,0.96,0.69
340,2025-06-15 04:00:00,22.3,0.87,4,6,0.0478723404255319,0.91,0.86,0.96
341,2025-06-15 05:00:00,22.0,0.83,5,6,0.04078014184397161,0.87,0.91,0.86
342,2025-06-15 06:00:00,21.8,0.85,6,6,0.044326241134751754,0.83,0.87,0.91
343,2025-06-15 07:00:00,22.9,0.94,7,6,0.06028368794326239,0.85,0.83,0.87
344,2025-06-15 08:00:00,24.3,1.15,8,6,0.09751773049645387,0.94,0.85,0.83
345,2025-06-15 09:00:00,25.8,1.58,9,6,0.17375886524822692,1.15,0.94,0.85
346,2025-06-15 10:00:00,27.6,1.78,10,6,0.20921985815602834,1.58,1.15,0.94
347,2025-06-15 11:00:00,28.9,2.45,11,6,0.3280141843971631,1.78,1.58,1.15
348,2025-06-15 12:00:00,30.2,2.64,12,6,0.36170212765957444,2.45,1.78,1.58
349,2025-06-15 13:00:00,31.5,3.36,13,6,0.48936170212765945,2.64,2.45,1.78
350,2025-06-15 14:00:00,32.7,3.88,14,6,0.5815602836879432,3.36,2.64,2.45
351,2025-06-15 15:00:00,33.0,3.99,15,6,0.6010638297872339,3.88,3.36,2.64
352,2025-06-15 16:00:00,31.2,3.25,16,6,0.4698581560283687,3.99,3.88,3.36
353,2025-06-15 17:00:00,30.2,2.57,17,6,0.3492907801418439,3.25,3.99,3.88
354,2025-06-15 18:00:00,28.4,2.08,18,6,0.2624113475177305,2.57,3.25,3.99
355,2025-06-15 19:00:00,26.4,1.43,19,6,0.14716312056737585,2.08,2.57,3.25
356,2025-06-15 20:00:00,26.4,1.43,20,6,0.14716312056737585,1.43,2.08,2.57
357,2025-06-15 21:00:00,25.5,1.4,21,6,0.14184397163120563,1.43,1.43,2.08
358,2025-06-15 22:00:00,24.7,1.06,22,6,0.08156028368794327,1.4,1.43,1.43
359,2025-06-15 23:00:00,23.6,0.91,23,6,0.054964539007092195,1.06,1.4,1.43
360,2025-06-16 00:00:00,22.7,0.87,0,0,0.0478723404255319,0.91,1.06,1.4
361,2025-06-16 01:00:00,22.3,0.85,1,0,0.044326241134751754,0.87,0.91,1.06
362,2025-06-16 02:00:00,22.3,1.08,2,0,0.08510638297872342,0.85,0.87,0.91
363,2025-06-16 03:00:00,22.5,1.01,3,0,0.0726950354609929,1.08,0.85,0.87
364,2025-06-16 04:00:00,22.6,0.78,4,0,0.03191489361702127,1.01,1.08,0.85
365,2025-06-16 05:00:00,22.6,0.98,5,0,0.06737588652482268,0.78,1.01,1.08
366,2025-06-16 06:00:00,22.3,0.9,6,0,0.05319148936170212,0.98,0.78,1.01
367,2025-06-16 07:00:00,22.2,0.87,7,0,0.0478723404255319,0.9,0.98,0.78
368,2025-06-16 08:00:00,22.3,0.91,8,0,0.054964539007092195,0.87,0.9,0.98
369,2025-06-16 09:00:00,22.6,0.77,9,0,0.030141843971631194,0.91,0.87,0.9
370,2025-06-16 10:00:00,23.2,0.83,10,0,0.04078014184397161,0.77,0.91,0.87
371,2025-06-16 11:00:00,24.0,0.94,11,0,0.06028368794326239,0.83,0.77,0.91
372,2025-06-16 12:00:00,24.6,1.22,12,0,0.10992907801418439,0.94,0.83,0.77
373,2025-06-16 13:00:00,25.1,1.19,13,0,0.10460992907801417,1.22,0.94,0.83
374,2025-06-16 14:00:00,23.3,0.85,14,0,0.044326241134751754,1.19,1.22,0.94
375,2025-06-16 15:00:00,24.1,0.99,15,0,0.06914893617021275,0.85,1.19,1.22
376,2025-06-16 16:00:00,23.5,0.86,16,0,0.04609929078014183,0.99,0.85,1.19
377,2025-06-16 17:00:00,23.7,0.96,17,0,0.06382978723404253,0.86,0.99,0.85
378,2025-06-16 18:00:00,23.6,0.88,18,0,0.049645390070921974,0.96,0.86,0.99
379,2025-06-16 19:00:00,23.4,0.98,19,0,0.06737588652482268,0.88,0.96,0.86
380,2025-06-16 20:00:00,23.1,0.94,20,0,0.06028368794326239,0.98,0.88,0.96
381,2025-06-16 21:00:00,22.6,0.89,21,0,0.05141843971631205,0.94,0.98,0.88
382,2025-06-16 22:00:00,22.2,0.65,22,0,0.008865248226950354,0.89,0.94,0.98
383,2025-06-16 23:00:00,22.0,0.99,23,0,0.06914893617021275,0.65,0.89,0.94
384,2025-06-17 00:00:00,21.8,0.82,0,1,0.03900709219858153,0.99,0.65,0.89
385,2025-06-17 01:00:00,21.8,0.83,1,1,0.04078014184397161,0.82,0.99,0.65
386,2025-06-17 02:00:00,21.7,0.69,2,1,0.015957446808510634,0.83,0.82,0.99
387,2025-06-17 03:00:00,21.2,0.66,3,1,0.010638297872340427,0.69,0.83,0.82
388,2025-06-17 04:00:00,21.3,0.81,4,1,0.03723404255319149,0.66,0.69,0.83
389,2025-06-17 05:00:00,21.2,0.83,5,1,0.04078014184397161,0.81,0.66,0.69
390,2025-06-17 06:00:00,21.4,0.94,6,1,0.06028368794326239,0.83,0.81,0.66
391,2025-06-17 07:00:00,21.9,0.82,7,1,0.03900709219858153,0.94,0.83,0.81
392,2025-06-17 08:00:00,22.6,1.02,8,1,0.07446808510638298,0.82,0.94,0.83
393,2025-06-17 09:00:00,23.4,0.94,9,1,0.06028368794326239,1.02,0.82,0.94
394,2025-06-17 10:00:00,24.7,1.04,10,1,0.07801418439716312,0.94,1.02,0.82
395,2025-06-17 11:00:00,26.3,1.35,11,1,0.13297872340425532,1.04,0.94,1.02
396,2025-06-17 12:00:00,27.4,1.68,12,1,0.1914893617021276,1.35,1.04,0.94
397,2025-06-17 13:00:00,27.6,1.69,13,1,0.1932624113475177,1.68,1.35,1.04
398,2025-06-17 14:00:00,28.4,2.01,14,1,0.24999999999999994,1.69,1.68,1.35
399,2025-06-17 15:00:00,28.8,1.99,15,1,0.24645390070921985,2.01,1.69,1.68
400,2025-06-17 16:00:00,29.4,2.33,16,1,0.30673758865248224,1.99,2.01,1.69
401,2025-06-17 17:00:00,28.9,2.1,17,1,0.26595744680851063,2.33,1.99,2.01
402,2025-06-17 18:00:00,28.2,2.21,18,1,0.28546099290780136,2.1,2.33,1.99
403,2025-06-17 19:00:00,27.2,1.75,19,1,0.20390070921985815,2.21,2.1,2.33
404,2025-06-17 20:00:00,25.9,1.47,20,1,0.15425531914893614,1.75,2.21,2.1
405,2025-06-17 21:00:00,24.9,1.06,21,1,0.08156028368794327,1.47,1.75,2.21
406,2025-06-17 22:00:00,24.3,1.11,22,1,0.09042553191489364,1.06,1.47,1.75
407,2025-06-17 23:00:00,23.8,1.04,23,1,0.07801418439716312,1.11,1.06,1.47
408,2025-06-18 00:00:00,23.2,0.91,0,2,0.054964539007092195,1.04,1.11,1.06
409,2025-06-18 01:00:00,22.7,0.93,1,2,0.05851063829787234,0.91,1.04,1.11
410,2025-06-18 02:00:00,22.3,0.83,2,2,0.04078014184397161,0.93,0.91,1.04
411,2025-06-18 03:00:00,22.0,1.05,3,2,0.0797872340425532,0.83,0.93,0.91
412,2025-06-18 04:00:00,21.8,0.97,4,2,0.06560283687943261,1.05,0.83,0.93
413,2025-06-18 05:00:00,21.6,0.8,5,2,0.035460992907801414,0.97,1.05,0.83
414,2025-06-18 06:00:00,21.3,0.79,6,2,0.03368794326241134,0.8,0.97,1.05
415,2025-06-18 07:00:00,21.8,0.91,7,2,0.054964539007092195,0.79,0.8,0.97
416,2025-06-18 08:00:00,22.8,0.89,8,2,0.05141843971631205,0.91,0.79,0.8
417,2025-06-18 09:00:00,23.7,1.05,9,2,0.0797872340425532,0.89,0.91,0.79
418,2025-06-18 10:00:00,25.6,1.4,10,2,0.14184397163120563,1.05,0.89,0.91
419,2025-06-18 11:00:00,26.7,1.55,11,2,0.16843971631205673,1.4,1.05,0.89
420,2025-06-18 12:00:00,27.9,1.84,12,2,0.21985815602836878,1.55,1.4,1.05
421,2025-06-18 13:00:00,29.2,2.26,13,2,0.2943262411347517,1.84,1.55,1.4
422,2025-06-18 14:00:00,30.1,2.63,14,2,0.35992907801418433,2.26,1.84,1.55
423,2025-06-18 15:00:00,30.5,2.77,15,2,0.38475177304964536,2.63,2.26,1.84
424,2025-06-18 16:00:00,30.5,2.78,16,2,0.38652482269503535,2.77,2.63,2.26
425,2025-06-18 17:00:00,30.1,2.53,17,2,0.3421985815602836,2.78,2.77,2.63
426,2025-06-18 18:00:00,29.2,2.27,18,2,0.2960992907801418,2.53,2.78,2.77
427,2025-06-18 19:00:00,27.9,1.87,19,2,0.22517730496453897,2.27,2.53,2.78
428,2025-06-18 20:00:00,26.7,1.62,20,2,0.18085106382978722,1.87,2.27,2.53
429,2025-06-18 21:00:00,25.8,1.37,21,2,0.13652482269503546,1.62,1.87,2.27
430,2025-06-18 22:00:00,25.0,1.15,22,2,0.09751773049645387,1.37,1.62,1.87
431,2025-06-18 23:00:00,24.3,1.09,23,2,0.08687943262411349,1.15,1.37,1.62
432,2025-06-19 00:00:00,23.9,0.92,0,3,0.05673758865248227,1.09,1.15,1.37
433,2025-06-19 01:00:00,23.4,0.88,1,3,0.049645390070921974,0.92,1.09,1.15
434,2025-06-19 02:00:00,22.9,0.95,2,3,0.06205673758865246,0.88,0.92,1.09
435,2025-06-19 03:00:00,22.3,0.94,3,3,0.06028368794326239,0.95,0.88,0.92
436,2025-06-19 04:00:00,21.8,0.71,4,3,0.01950354609929078,0.94,0.95,0.88
437,2025-06-19 05:00:00,21.4,0.86,5,3,0.04609929078014183,0.71,0.94,0.95
438,2025-06-19 06:00:00,21.1,0.91,6,3,0.054964539007092195,0.86,0.71,0.94
439,2025-06-19 07:00:00,22.8,0.95,7,3,0.06205673758865246,0.91,0.86,0.71
440,2025-06-19 08:00:00,24.6,1.32,8,3,0.1276595744680851,0.95,0.91,0.86
441,2025-06-19 09:00:00,26.8,1.54,9,3,0.16666666666666663,1.32,0.95,0.91
442,2025-06-19 10:00:00,28.0,1.97,10,3,0.2429078014184397,1.54,1.32,0.95
443,2025-06-19 11:00:00,29.9,2.54,11,3,0.3439716312056737,1.97,1.54,1.32
444,2025-06-19 12:00:00,31.2,3.25,12,3,0.4698581560283687,2.54,1.97,1.54
445,2025-06-19 13:00:00,32.3,3.65,13,3,0.5407801418439715,3.25,2.54,1.97
446,2025-06-19 14:00:00,33.5,4.28,14,3,0.6524822695035462,3.65,3.25,2.54
447,2025-06-19 15:00:00,33.6,4.28,15,3,0.6524822695035462,4.28,3.65,3.25
448,2025-06-19 16:00:00,32.9,3.94,16,3,0.5921985815602837,4.28,4.28,3.65
449,2025-06-19 17:00:00,32.3,3.37,17,3,0.4911347517730496,3.94,4.28,4.28
450,2025-06-19 18:00:00,31.4,3.11,18,3,0.44503546099290775,3.37,3.94,4.28
451,2025-06-19 19:00:00,30.9,3.02,19,3,0.4290780141843971,3.11,3.37,3.94
452,2025-06-19 20:00:00,30.4,2.64,20,3,0.36170212765957444,3.02,3.11,3.37
453,2025-06-19 21:00:00,30.1,2.72,21,3,0.375886524822695,2.64,3.02,3.11
454,2025-06-19 22:00:00,28.3,2.13,22,3,0.2712765957446808,2.72,2.64,3.02
455,2025-06-19 23:00:00,28.2,2.08,23,3,0.2624113475177305,2.13,2.72,2.64
456,2025-06-20 00:00:00,28.3,1.96,0,4,0.2411347517730496,2.08,2.13,2.72
457,2025-06-20 01:00:00,27.8,2.18,1,4,0.2801418439716312,1.96,2.08,2.13
458,2025-06-20 02:00:00,25.8,1.43,2,4,0.14716312056737585,2.18,1.96,2.08
459,2025-06-20 03:00:00,25.5,1.36,3,4,0.1347517730496454,1.43,2.18,1.96
460,2025-06-20 04:00:00,25.1,1.11,4,4,0.09042553191489364,1.36,1.43,2.18
461,2025-06-20 05:00:00,24.8,1.1,5,4,0.08865248226950356,1.11,1.36,1.43
462,2025-06-20 06:00:00,24.5,1.13,6,4,0.09397163120567373,1.1,1.11,1.36
463,2025-06-20 07:00:00,24.4,1.13,7,4,0.09397163120567373,1.13,1.1,1.11
464,2025-06-20 08:00:00,24.6,1.13,8,4,0.09397163120567373,1.13,1.13,1.1
465,2025-06-20 09:00:00,24.7,1.0,9,4,0.07092198581560283,1.13,1.13,1.13
466,2025-06-20 10:00:00,24.9,1.32,10,4,0.1276595744680851,1.0,1.13,1.13
467,2025-06-20 11:00:00,24.8,1.07,11,4,0.08333333333333334,1.32,1.0,1.13
468,2025-06-20 12:00:00,25.0,1.14,12,4,0.0957446808510638,1.07,1.32,1.0
469,2025-06-20 13:00:00,25.5,1.39,13,4,0.14007092198581556,1.14,1.07,1.32
470,2025-06-20 14:00:00,25.2,1.23,14,4,0.11170212765957446,1.39,1.14,1.07
471,2025-06-20 15:00:00,24.7,1.26,15,4,0.11702127659574466,1.23,1.39,1.14
472,2025-06-20 16:00:00,24.3,1.06,16,4,0.08156028368794327,1.26,1.23,1.39
473,2025-06-20 17:00:00,23.6,0.87,17,4,0.0478723404255319,1.06,1.26,1.23
474,2025-06-20 18:00:00,23.4,0.81,18,4,0.03723404255319149,0.87,1.06,1.26
475,2025-06-20 19:00:00,23.4,0.9,19,4,0.05319148936170212,0.81,0.87,1.06
476,2025-06-20 20:00:00,22.9,0.89,20,4,0.05141843971631205,0.9,0.81,0.87
477,2025-06-20 21:00:00,22.7,0.81,21,4,0.03723404255319149,0.89,0.9,0.81
478,2025-06-20 22:00:00,22.5,0.8,22,4,0.035460992907801414,0.81,0.89,0.9
479,2025-06-20 23:00:00,22.3,0.68,23,4,0.014184397163120574,0.8,0.81,0.89
480,2025-06-21 00:00:00,22.2,0.82,0,5,0.03900709219858153,0.68,0.8,0.81
481,2025-06-21 01:00:00,21.6,0.9,1,5,0.05319148936170212,0.82,0.68,0.8
482,2025-06-21 02:00:00,21.2,0.81,2,5,0.03723404255319149,0.9,0.82,0.68
483,2025-06-21 03:00:00,21.2,0.65,3,5,0.008865248226950354,0.81,0.9,0.82
484,2025-06-21 04:00:00,21.0,0.69,4,5,0.015957446808510634,0.65,0.81,0.9
485,2025-06-21 05:00:00,20.9,0.7,5,5,0.017730496453900693,0.69,0.65,0.81
486,2025-06-21 06:00:00,20.8,0.73,6,5,0.023049645390070927,0.7,0.69,0.65
487,2025-06-21 07:00:00,21.0,0.83,7,5,0.04078014184397161,0.73,0.7,0.69
488,2025-06-21 08:00:00,21.3,0.85,8,5,0.044326241134751754,0.83,0.73,0.7
489,2025-06-21 09:00:00,21.5,0.86,9,5,0.04609929078014183,0.85,0.83,0.73
490,2025-06-21 10:00:00,21.6,0.85,10,5,0.044326241134751754,0.86,0.85,0.83
491,2025-06-21 11:00:00,22.2,0.72,11,5,0.021276595744680854,0.85,0.86,0.85
492,2025-06-21 12:00:00,22.7,0.73,12,5,0.023049645390070927,0.72,0.85,0.86
493,2025-06-21 13:00:00,23.0,0.99,13,5,0.06914893617021275,0.73,0.72,0.85
494,2025-06-21 14:00:00,23.0,0.73,14,5,0.023049645390070927,0.99,0.73,0.72
495,2025-06-21 15:00:00,23.5,1.03,15,5,0.07624113475177305,0.73,0.99,0.73
496,2025-06-21 16:00:00,24.0,0.86,16,5,0.04609929078014183,1.03,0.73,0.99
497,2025-06-21 17:00:00,24.0,1.04,17,5,0.07801418439716312,0.86,1.03,0.73
498,2025-06-21 18:00:00,23.8,0.98,18,5,0.06737588652482268,1.04,0.86,1.03
499,2025-06-21 19:00:00,22.9,0.88,19,5,0.049645390070921974,0.98,1.04,0.86
500,2025-06-21 20:00:00,22.3,0.82,20,5,0.03900709219858153,0.88,0.98,1.04
501,2025-06-21 21:00:00,21.9,0.92,21,5,0.05673758865248227,0.82,0.88,0.98
502,2025-06-21 22:00:00,21.4,0.89,22,5,0.05141843971631205,0.92,0.82,0.88
503,2025-06-21 23:00:00,20.9,0.77,23,5,0.030141843971631194,0.89,0.92,0.82
504,2025-06-22 00:00:00,20.5,0.65,0,6,0.008865248226950354,0.77,0.89,0.92
505,2025-06-22 01:00:00,20.1,0.67,1,6,0.0124113475177305,0.65,0.77,0.89
506,2025-06-22 02:00:00,19.6,0.83,2,6,0.04078014184397161,0.67,0.65,0.77
507,2025-06-22 03:00:00,19.1,0.66,3,6,0.010638297872340427,0.83,0.67,0.65
508,2025-06-22 04:00:00,18.6,0.6,4,6,0.0,0.66,0.83,0.67
509,2025-06-22 05:00:00,18.4,0.73,5,6,0.023049645390070927,0.6,0.66,0.83
510,2025-06-22 06:00:00,18.1,0.66,6,6,0.010638297872340427,0.73,0.6,0.66
511,2025-06-22 07:00:00,18.7,0.7,7,6,0.017730496453900693,0.66,0.73,0.6
512,2025-06-22 08:00:00,20.5,0.83,8,6,0.04078014184397161,0.7,0.66,0.73
513,2025-06-22 09:00:00,22.2,0.87,9,6,0.0478723404255319,0.83,0.7,0.66
514,2025-06-22 10:00:00,23.9,1.04,10,6,0.07801418439716312,0.87,0.83,0.7
515,2025-06-22 11:00:00,25.0,1.16,11,6,0.09929078014184395,1.04,0.87,0.83
516,2025-06-22 12:00:00,26.4,1.76,12,6,0.2056737588652482,1.16,1.04,0.87
517,2025-06-22 13:00:00,27.5,1.95,13,6,0.23936170212765956,1.76,1.16,1.04
518,2025-06-22 14:00:00,28.1,1.85,14,6,0.22163120567375888,1.95,1.76,1.16
519,2025-06-22 15:00:00,28.3,2.18,15,6,0.2801418439716312,1.85,1.95,1.76
520,2025-06-22 16:00:00,28.4,2.28,16,6,0.29787234042553185,2.18,1.85,1.95
521,2025-06-22 17:00:00,28.2,2.19,17,6,0.2819148936170212,2.28,2.18,1.85
522,2025-06-22 18:00:00,27.7,1.95,18,6,0.23936170212765956,2.19,2.28,2.18
523,2025-06-22 19:00:00,26.0,1.54,19,6,0.16666666666666663,1.95,2.19,2.28
524,2025-06-22 20:00:00,24.4,0.92,20,6,0.05673758865248227,1.54,1.95,2.19
525,2025-06-22 21:00:00,23.5,1.08,21,6,0.08510638297872342,0.92,1.54,1.95
526,2025-06-22 22:00:00,22.8,0.79,22,6,0.03368794326241134,1.08,0.92,1.54
527,2025-06-22 23:00:00,21.9,0.82,23,6,0.03900709219858153,0.79,1.08,0.92
528,2025-06-23 00:00:00,21.4,0.81,0,0,0.03723404255319149,0.82,0.79,1.08
529,2025-06-23 01:00:00,21.0,0.78,1,0,0.03191489361702127,0.81,0.82,0.79
530,2025-06-23 02:00:00,20.6,0.81,2,0,0.03723404255319149,0.78,0.81,0.82
531,2025-06-23 03:00:00,20.2,0.84,3,0,0.04255319148936168,0.81,0.78,0.81
532,2025-06-23 04:00:00,19.9,0.85,4,0,0.044326241134751754,0.84,0.81,0.78
533,2025-06-23 05:00:00,19.6,0.73,5,0,0.023049645390070927,0.85,0.84,0.81
534,2025-06-23 06:00:00,19.5,0.73,6,0,0.023049645390070927,0.73,0.85,0.84
535,2025-06-23 07:00:00,20.4,0.84,7,0,0.04255319148936168,0.73,0.73,0.85
536,2025-06-23 08:00:00,22.5,0.85,8,0,0.044326241134751754,0.84,0.73,0.73
537,2025-06-23 09:00:00,24.3,1.14,9,0,0.0957446808510638,0.85,0.84,0.73
538,2025-06-23 10:00:00,26.1,1.36,10,0,0.1347517730496454,1.14,0.85,0.84
539,2025-06-23 11:00:00,27.4,1.74,11,0,0.20212765957446804,1.36,1.14,0.85
540,2025-06-23 12:00:00,28.7,2.29,12,0,0.29964539007092195,1.74,1.36,1.14
541,2025-06-23 13:00:00,29.8,2.51,13,0,0.33865248226950345,2.29,1.74,1.36
542,2025-06-23 14:00:00,30.9,2.88,14,0,0.40425531914893614,2.51,2.29,1.74
543,2025-06-23 15:00:00,31.3,3.12,15,0,0.4468085106382978,2.88,2.51,2.29
544,2025-06-23 16:00:00,31.4,3.09,16,0,0.44148936170212755,3.12,2.88,2.51
545,2025-06-23 17:00:00,31.4,3.22,17,0,0.4645390070921986,3.09,3.12,2.88
546,2025-06-23 18:00:00,30.7,2.75,18,0,0.3812056737588652,3.22,3.09,3.12
547,2025-06-23 19:00:00,29.9,2.49,19,0,0.3351063829787234,2.75,3.22,3.09
548,2025-06-23 20:00:00,28.9,2.34,20,0,0.3085106382978723,2.49,2.75,3.22
549,2025-06-23 21:00:00,27.9,1.87,21,0,0.22517730496453897,2.34,2.49,2.75
550,2025-06-23 22:00:00,27.0,1.7,22,0,0.19503546099290775,1.87,2.34,2.49
551,2025-06-23 23:00:00,26.5,1.41,23,0,0.1436170212765957,1.7,1.87,2.34
552,2025-06-24 00:00:00,25.9,1.37,0,1,0.13652482269503546,1.41,1.7,1.87
553,2025-06-24 01:00:00,25.2,1.28,1,1,0.1205673758865248,1.37,1.41,1.7
554,2025-06-24 02:00:00,24.7,1.05,2,1,0.0797872340425532,1.28,1.37,1.41
555,2025-06-24 03:00:00,24.4,1.13,3,1,0.09397163120567373,1.05,1.28,1.37
556,2025-06-24 04:00:00,24.3,1.12,4,1,0.09219858156028368,1.13,1.05,1.28
557,2025-06-24 05:00:00,23.8,1.13,5,1,0.09397163120567373,1.12,1.13,1.05
558,2025-06-24 06:00:00,23.9,1.0,6,1,0.07092198581560283,1.13,1.12,1.13
559,2025-06-24 07:00:00,24.2,0.95,7,1,0.06205673758865246,1.0,1.13,1.12
560,2025-06-24 08:00:00,24.6,1.02,8,1,0.07446808510638298,0.95,1.0,1.13
561,2025-06-24 09:00:00,24.9,1.18,9,1,0.1028368794326241,1.02,0.95,1.0
562,2025-06-24 10:00:00,25.4,1.24,10,1,0.11347517730496454,1.18,1.02,0.95
563,2025-06-24 11:00:00,26.9,1.68,11,1,0.1914893617021276,1.24,1.18,1.02
564,2025-06-24 12:00:00,27.2,1.65,12,1,0.1861702127659574,1.68,1.24,1.18
565,2025-06-24 13:00:00,27.7,2.02,13,1,0.25177304964539005,1.65,1.68,1.24
566,2025-06-24 14:00:00,27.8,1.8,14,1,0.21276595744680848,2.02,1.65,1.68
567,2025-06-24 15:00:00,27.3,1.87,15,1,0.22517730496453897,1.8,2.02,1.65
568,2025-06-24 16:00:00,27.0,1.75,16,1,0.20390070921985815,1.87,1.8,2.02
569,2025-06-24 17:00:00,26.9,1.67,17,1,0.18971631205673756,1.75,1.87,1.8
570,2025-06-24 18:00:00,26.9,1.56,18,1,0.17021276595744678,1.67,1.75,1.87
571,2025-06-24 19:00:00,26.5,1.62,19,1,0.18085106382978722,1.56,1.67,1.75
572,2025-06-24 20:00:00,26.1,1.67,20,1,0.18971631205673756,1.62,1.56,1.67
573,2025-06-24 21:00:00,24.5,1.14,21,1,0.0957446808510638,1.67,1.62,1.56
574,2025-06-24 22:00:00,22.1,0.99,22,1,0.06914893617021275,1.14,1.67,1.62
575,2025-06-24 23:00:00,20.7,0.85,23,1,0.044326241134751754,0.99,1.14,1.67
576,2025-06-25 00:00:00,20.6,0.8,0,2,0.035460992907801414,0.85,0.99,1.14
577,2025-06-25 01:00:00,20.9,0.77,1,2,0.030141843971631194,0.8,0.85,0.99
578,2025-06-25 02:00:00,21.2,0.87,2,2,0.0478723404255319,0.77,0.8,0.85
579,2025-06-25 03:00:00,20.1,0.76,3,2,0.02836879432624112,0.87,0.77,0.8
580,2025-06-25 04:00:00,19.5,0.84,4,2,0.04255319148936168,0.76,0.87,0.77
581,2025-06-25 05:00:00,20.0,0.88,5,2,0.049645390070921974,0.84,0.76,0.87
582,2025-06-25 06:00:00,20.1,0.73,6,2,0.023049645390070927,0.88,0.84,0.76
583,2025-06-25 07:00:00,20.5,0.65,7,2,0.008865248226950354,0.73,0.88,0.84
584,2025-06-25 08:00:00,20.2,0.7,8,2,0.017730496453900693,0.65,0.73,0.88
585,2025-06-25 09:00:00,20.1,0.99,9,2,0.06914893617021275,0.7,0.65,0.73
586,2025-06-25 10:00:00,20.3,0.78,10,2,0.03191489361702127,0.99,0.7,0.65
587,2025-06-25 11:00:00,20.7,0.75,11,2,0.026595744680851074,0.78,0.99,0.7
588,2025-06-25 12:00:00,20.8,0.74,12,2,0.024822695035461,0.75,0.78,0.99
589,2025-06-25 13:00:00,21.6,0.63,13,2,0.0053191489361702066,0.74,0.75,0.78
590,2025-06-25 14:00:00,22.0,0.86,14,2,0.04609929078014183,0.63,0.74,0.75
591,2025-06-25 15:00:00,21.9,0.85,15,2,0.044326241134751754,0.86,0.63,0.74
592,2025-06-25 16:00:00,22.0,0.87,16,2,0.0478723404255319,0.85,0.86,0.63
593,2025-06-25 17:00:00,21.9,0.77,17,2,0.030141843971631194,0.87,0.85,0.86
594,2025-06-25 18:00:00,21.8,0.79,18,2,0.03368794326241134,0.77,0.87,0.85
595,2025-06-25 19:00:00,21.5,1.0,19,2,0.07092198581560283,0.79,0.77,0.87
596,2025-06-25 20:00:00,21.3,0.86,20,2,0.04609929078014183,1.0,0.79,0.77
597,2025-06-25 21:00:00,21.2,0.87,21,2,0.0478723404255319,0.86,1.0,0.79
598,2025-06-25 22:00:00,21.0,0.92,22,2,0.05673758865248227,0.87,0.86,1.0
599,2025-06-25 23:00:00,20.9,0.75,23,2,0.026595744680851074,0.92,0.87,0.86
600,2025-06-26 00:00:00,20.8,0.92,0,3,0.05673758865248227,0.75,0.92,0.87
601,2025-06-26 01:00:00,20.7,0.77,1,3,0.030141843971631194,0.92,0.75,0.92
602,2025-06-26 02:00:00,20.6,0.73,2,3,0.023049645390070927,0.77,0.92,0.75
603,2025-06-26 03:00:00,20.7,0.8,3,3,0.035460992907801414,0.73,0.77,0.92
604,2025-06-26 04:00:00,20.3,0.8,4,3,0.035460992907801414,0.8,0.73,0.77
605,2025-06-26 05:00:00,19.9,0.78,5,3,0.03191489361702127,0.8,0.8,0.73
606,2025-06-26 06:00:00,20.0,0.6,6,3,0.0,0.78,0.8,0.8
607,2025-06-26 07:00:00,20.1,0.76,7,3,0.02836879432624112,0.6,0.78,0.8
608,2025-06-26 08:00:00,20.4,0.78,8,3,0.03191489361702127,0.76,0.6,0.78
609,2025-06-26 09:00:00,21.8,0.97,9,3,0.06560283687943261,0.78,0.76,0.6
610,2025-06-26 10:00:00,22.1,0.84,10,3,0.04255319148936168,0.97,0.78,0.76
611,2025-06-26 11:00:00,23.1,0.95,11,3,0.06205673758865246,0.84,0.97,0.78
612,2025-06-26 12:00:00,23.1,0.81,12,3,0.03723404255319149,0.95,0.84,0.97
613,2025-06-26 13:00:00,23.3,0.88,13,3,0.049645390070921974,0.81,0.95,0.84
614,2025-06-26 14:00:00,23.7,0.82,14,3,0.03900709219858153,0.88,0.81,0.95
615,2025-06-26 15:00:00,23.5,1.04,15,3,0.07801418439716312,0.82,0.88,0.81
616,2025-06-26 16:00:00,22.9,0.73,16,3,0.023049645390070927,1.04,0.82,0.88
617,2025-06-26 17:00:00,23.8,1.0,17,3,0.07092198581560283,0.73,1.04,0.82
618,2025-06-26 18:00:00,24.2,1.09,18,3,0.08687943262411349,1.0,0.73,1.04
619,2025-06-26 19:00:00,23.9,0.84,19,3,0.04255319148936168,1.09,1.0,0.73
620,2025-06-26 20:00:00,23.4,0.85,20,3,0.044326241134751754,0.84,1.09,1.0
621,2025-06-26 21:00:00,22.6,0.75,21,3,0.026595744680851074,0.85,0.84,1.09
622,2025-06-26 22:00:00,22.1,0.96,22,3,0.06382978723404253,0.75,0.85,0.84
623,2025-06-26 23:00:00,21.8,0.74,23,3,0.024822695035461,0.96,0.75,0.85
624,2025-06-27 00:00:00,21.7,0.85,0,4,0.044326241134751754,0.74,0.96,0.75
625,2025-06-27 01:00:00,21.4,1.02,1,4,0.07446808510638298,0.85,0.74,0.96
626,2025-06-27 02:00:00,21.4,0.75,2,4,0.026595744680851074,1.02,0.85,0.74
627,2025-06-27 03:00:00,21.2,0.75,3,4,0.026595744680851074,0.75,1.02,0.85
628,2025-06-27 04:00:00,21.2,0.82,4,4,0.03900709219858153,0.75,0.75,1.02
629,2025-06-27 05:00:00,21.2,0.66,5,4,0.010638297872340427,0.82,0.75,0.75
630,2025-06-27 06:00:00,21.4,0.63,6,4,0.0053191489361702066,0.66,0.82,0.75
631,2025-06-27 07:00:00,21.8,0.92,7,4,0.05673758865248227,0.63,0.66,0.82
632,2025-06-27 08:00:00,22.3,0.83,8,4,0.04078014184397161,0.92,0.63,0.66
633,2025-06-27 09:00:00,22.7,1.01,9,4,0.0726950354609929,0.83,0.92,0.63
634,2025-06-27 10:00:00,23.1,0.97,10,4,0.06560283687943261,1.01,0.83,0.92
635,2025-06-27 11:00:00,23.4,0.93,11,4,0.05851063829787234,0.97,1.01,0.83
636,2025-06-27 12:00:00,24.4,0.94,12,4,0.06028368794326239,0.93,0.97,1.01
637,2025-06-27 13:00:00,25.4,1.46,13,4,0.1524822695035461,0.94,0.93,0.97
638,2025-06-27 14:00:00,26.5,1.72,14,4,0.1985815602836879,1.46,0.94,0.93
639,2025-06-27 15:00:00,28.0,1.94,15,4,0.23758865248226946,1.72,1.46,0.94
640,2025-06-27 16:00:00,29.1,2.42,16,4,0.3226950354609929,1.94,1.72,1.46
641,2025-06-27 17:00:00,29.0,2.21,17,4,0.28546099290780136,2.42,1.94,1.72
642,2025-06-27 18:00:00,29.1,2.24,18,4,0.2907801418439716,2.21,2.42,1.94
643,2025-06-27 19:00:00,28.5,2.19,19,4,0.2819148936170212,2.24,2.21,2.42
644,2025-06-27 20:00:00,27.8,2.0,20,4,0.2482269503546099,2.19,2.24,2.21
645,2025-06-27 21:00:00,27.3,1.83,21,4,0.21808510638297873,2.0,2.19,2.24
646,2025-06-27 22:00:00,26.5,1.7,22,4,0.19503546099290775,1.83,2.0,2.19
647,2025-06-27 23:00:00,26.1,1.74,23,4,0.20212765957446804,1.7,1.83,2.0
648,2025-06-28 00:00:00,25.7,1.68,0,5,0.1914893617021276,1.74,1.7,1.83
649,2025-06-28 01:00:00,25.5,1.38,1,5,0.1382978723404255,1.68,1.74,1.7
650,2025-06-28 02:00:00,25.3,1.32,2,5,0.1276595744680851,1.38,1.68,1.74
651,2025-06-28 03:00:00,25.1,1.07,3,5,0.08333333333333334,1.32,1.38,1.68
652,2025-06-28 04:00:00,24.8,1.4,4,5,0.14184397163120563,1.07,1.32,1.38
653,2025-06-28 05:00:00,24.6,1.22,5,5,0.10992907801418439,1.4,1.07,1.32
654,2025-06-28 06:00:00,24.6,1.19,6,5,0.10460992907801417,1.22,1.4,1.07
655,2025-06-28 07:00:00,24.5,1.05,7,5,0.0797872340425532,1.19,1.22,1.4
656,2025-06-28 08:00:00,24.7,1.31,8,5,0.12588652482269502,1.05,1.19,1.22
657,2025-06-28 09:00:00,25.0,1.28,9,5,0.1205673758865248,1.31,1.05,1.19
658,2025-06-28 10:00:00,25.9,1.45,10,5,0.150709219858156,1.28,1.31,1.05
659,2025-06-28 11:00:00,26.4,1.75,11,5,0.20390070921985815,1.45,1.28,1.31
660,2025-06-28 12:00:00,26.7,1.73,12,5,0.200354609929078,1.75,1.45,1.28
661,2025-06-28 13:00:00,26.9,1.78,13,5,0.20921985815602834,1.73,1.75,1.45
662,2025-06-28 14:00:00,27.5,1.8,14,5,0.21276595744680848,1.78,1.73,1.75
663,2025-06-28 15:00:00,27.8,1.91,15,5,0.23226950354609927,1.8,1.78,1.73
664,2025-06-28 16:00:00,27.9,1.96,16,5,0.2411347517730496,1.91,1.8,1.78
665,2025-06-28 17:00:00,27.8,1.94,17,5,0.23758865248226946,1.96,1.91,1.8
666,2025-06-28 18:00:00,27.5,1.89,18,5,0.22872340425531912,1.94,1.96,1.91
667,2025-06-28 19:00:00,27.1,1.84,19,5,0.21985815602836878,1.89,1.94,1.96
668,2025-06-28 20:00:00,26.7,1.76,20,5,0.2056737588652482,1.84,1.89,1.94
669,2025-06-28 21:00:00,26.4,1.5,21,5,0.1595744680851064,1.76,1.84,1.89
670,2025-06-28 22:00:00,26.2,1.45,22,5,0.150709219858156,1.5,1.76,1.84
671,2025-06-28 23:00:00,26.2,1.49,23,5,0.1578014184397163,1.45,1.5,1.76
672,2025-06-29 00:00:00,26.3,1.4,0,6,0.14184397163120563,1.49,1.45,1.5
673,2025-06-29 01:00:00,26.2,1.54,1,6,0.16666666666666663,1.4,1.49,1.45
674,2025-06-29 02:00:00,25.9,1.44,2,6,0.14893617021276595,1.54,1.4,1.49
675,2025-06-29 03:00:00,25.6,1.2,3,6,0.10638297872340424,1.44,1.54,1.4
676,2025-06-29 04:00:00,25.1,1.58,4,6,0.17375886524822692,1.2,1.44,1.54
677,2025-06-29 05:00:00,25.0,1.23,5,6,0.11170212765957446,1.58,1.2,1.44
678,2025-06-29 06:00:00,25.0,1.27,6,6,0.11879432624113473,1.23,1.58,1.2
679,2025-06-29 07:00:00,25.0,1.35,7,6,0.13297872340425532,1.27,1.23,1.58
680,2025-06-29 08:00:00,25.5,1.47,8,6,0.15425531914893614,1.35,1.27,1.23
681,2025-06-29 09:00:00,26.0,1.57,9,6,0.17198581560283688,1.47,1.35,1.27
682,2025-06-29 10:00:00,26.3,1.57,10,6,0.17198581560283688,1.57,1.47,1.35
683,2025-06-29 11:00:00,27.3,1.74,11,6,0.20212765957446804,1.57,1.57,1.47
684,2025-06-29 12:00:00,27.7,2.11,12,6,0.2677304964539007,1.74,1.57,1.57
685,2025-06-29 13:00:00,28.2,2.13,13,6,0.2712765957446808,2.11,1.74,1.57
686,2025-06-29 14:00:00,28.7,2.08,14,6,0.2624113475177305,2.13,2.11,1.74
687,2025-06-29 15:00:00,29.5,2.36,15,6,0.31205673758865243,2.08,2.13,2.11
688,2025-06-29 16:00:00,30.0,2.7,16,6,0.3723404255319149,2.36,2.08,2.13
689,2025-06-29 17:00:00,30.1,2.44,17,6,0.326241134751773,2.7,2.36,2.08
690,2025-06-29 18:00:00,29.6,2.3,18,6,0.301418439716312,2.44,2.7,2.36
691,2025-06-29 19:00:00,29.4,2.27,19,6,0.2960992907801418,2.3,2.44,2.7
692,2025-06-29 20:00:00,28.4,2.16,20,6,0.2765957446808511,2.27,2.3,2.44
693,2025-06-29 21:00:00,27.5,2.0,21,6,0.2482269503546099,2.16,2.27,2.3
694,2025-06-29 22:00:00,26.6,1.63,22,6,0.18262411347517726,2.0,2.16,2.27
695,2025-06-29 23:00:00,26.4,1.56,23,6,0.17021276595744678,1.63,2.0,2.16
696,2025-06-30 00:00:00,26.1,1.59,0,0,0.17553191489361702,1.56,1.63,2.0
697,2025-06-30 01:00:00,26.1,1.4,1,0,0.14184397163120563,1.59,1.56,1.63
698,2025-06-30 02:00:00,26.1,1.69,2,0,0.1932624113475177,1.4,1.59,1.56
699,2025-06-30 03:00:00,25.9,1.43,3,0,0.14716312056737585,1.69,1.4,1.59
700,2025-06-30 04:00:00,25.8,1.44,4,0,0.14893617021276595,1.43,1.69,1.4
701,2025-06-30 05:00:00,25.7,1.53,5,0,0.16489361702127658,1.44,1.43,1.69
702,2025-06-30 06:00:00,25.6,1.34,6,0,0.13120567375886524,1.53,1.44,1.43
703,2025-06-30 07:00:00,26.0,1.48,7,0,0.15602836879432624,1.34,1.53,1.44
704,2025-06-30 08:00:00,26.5,1.67,8,0,0.18971631205673756,1.48,1.34,1.53
705,2025-06-30 09:00:00,27.2,1.97,9,0,0.2429078014184397,1.67,1.48,1.34
706,2025-06-30 10:00:00,27.9,1.99,10,0,0.24645390070921985,1.97,1.67,1.48
707,2025-06-30 11:00:00,29.0,2.15,11,0,0.2748226950354609,1.99,1.97,1.67
708,2025-06-30 12:00:00,29.9,2.43,12,0,0.324468085106383,2.15,1.99,1.97
709,2025-06-30 13:00:00,30.4,2.84,13,0,0.39716312056737585,2.43,2.15,1.99
710,2025-06-30 14:00:00,31.2,3.14,14,0,0.450354609929078,2.84,2.43,2.15
711,2025-06-30 15:00:00,30.9,3.01,15,0,0.42730496453900696,3.14,2.84,2.43
712,2025-06-30 16:00:00,31.0,2.93,16,0,0.4131205673758865,3.01,3.14,2.84
713,2025-06-30 17:00:00,30.2,2.47,17,0,0.33156028368794327,2.93,3.01,3.14
714,2025-06-30 18:00:00,29.8,2.5,18,0,0.3368794326241134,2.47,2.93,3.01
715,2025-06-30 19:00:00,29.9,2.42,19,0,0.3226950354609929,2.5,2.47,2.93
716,2025-06-30 20:00:00,28.9,2.4,20,0,0.3191489361702127,2.42,2.5,2.47
717,2025-06-30 21:00:00,28.5,2.08,21,0,0.2624113475177305,2.4,2.42,2.5
718,2025-06-30 22:00:00,28.4,2.09,22,0,0.26418439716312053,2.08,2.4,2.42
719,2025-06-30 23:00:00,28.1,1.93,23,0,0.2358156028368794,2.09,2.08,2.4
720,2025-07-01 00:00:00,27.7,1.94,0,1,0.23758865248226946,1.93,2.09,2.08
721,2025-07-01 01:00:00,27.4,1.86,1,1,0.22340425531914893,1.94,1.93,2.09
722,2025-07-01 02:00:00,27.1,1.71,2,1,0.19680851063829785,1.86,1.94,1.93
723,2025-07-01 03:00:00,26.9,1.67,3,1,0.18971631205673756,1.71,1.86,1.94
724,2025-07-01 04:00:00,26.7,1.71,4,1,0.19680851063829785,1.67,1.71,1.86
725,2025-07-01 05:00:00,26.7,1.83,5,1,0.21808510638297873,1.71,1.67,1.71
726,2025-07-01 06:00:00,26.5,1.8,6,1,0.21276595744680848,1.83,1.71,1.67
727,2025-07-01 07:00:00,26.4,1.51,7,1,0.16134751773049644,1.8,1.83,1.71
728,2025-07-01 08:00:00,26.4,1.59,8,1,0.17553191489361702,1.51,1.8,1.83
729,2025-07-01 09:00:00,27.0,1.9,9,1,0.23049645390070916,1.59,1.51,1.8
730,2025-07-01 10:00:00,28.1,2.07,10,1,0.2606382978723404,1.9,1.59,1.51
731,2025-07-01 11:00:00,29.1,2.27,11,1,0.2960992907801418,2.07,1.9,1.59
732,2025-07-01 12:00:00,29.8,2.48,12,1,0.3333333333333333,2.27,2.07,1.9
733,2025-07-01 13:00:00,31.3,3.12,13,1,0.4468085106382978,2.48,2.27,2.07
734,2025-07-01 14:00:00,31.6,3.41,14,1,0.4982269503546099,3.12,2.48,2.27
735,2025-07-01 15:00:00,31.2,3.18,15,1,0.4574468085106383,3.41,3.12,2.48
736,2025-07-01 16:00:00,31.6,3.07,16,1,0.43794326241134746,3.18,3.41,3.12
737,2025-07-01 17:00:00,31.2,3.06,17,1,0.4361702127659574,3.07,3.18,3.41
738,2025-07-01 18:00:00,31.1,2.82,18,1,0.39361702127659565,3.06,3.07,3.18
739,2025-07-01 19:00:00,30.1,2.56,19,1,0.34751773049645385,2.82,3.06,3.07
740,2025-07-01 20:00:00,29.4,2.32,20,1,0.30496453900709214,2.56,2.82,3.06
741,2025-07-01 21:00:00,28.6,2.14,21,1,0.2730496453900709,2.32,2.56,2.82
742,2025-07-01 22:00:00,28.3,2.1,22,1,0.26595744680851063,2.14,2.32,2.56
743,2025-07-01 23:00:00,28.0,2.15,23,1,0.2748226950354609,2.1,2.14,2.32
744,2025-07-02 00:00:00,27.8,2.03,0,2,0.2535460992907801,2.15,2.1,2.14
745,2025-07-02 01:00:00,27.4,1.77,1,2,0.2074468085106383,2.03,2.15,2.1
746,2025-07-02 02:00:00,27.2,1.72,2,2,0.1985815602836879,1.77,2.03,2.15
747,2025-07-02 03:00:00,27.0,1.64,3,2,0.1843971631205673,1.72,1.77,2.03
748,2025-07-02 04:00:00,27.0,1.91,4,2,0.23226950354609927,1.64,1.72,1.77
749,2025-07-02 05:00:00,26.9,1.78,5,2,0.20921985815602834,1.91,1.64,1.72
750,2025-07-02 06:00:00,26.8,1.68,6,2,0.1914893617021276,1.78,1.91,1.64
751,2025-07-02 07:00:00,27.0,1.83,7,2,0.21808510638297873,1.68,1.78,1.91
752,2025-07-02 08:00:00,27.4,1.76,8,2,0.2056737588652482,1.83,1.68,1.78
753,2025-07-02 09:00:00,28.2,2.08,9,2,0.2624113475177305,1.76,1.83,1.68
754,2025-07-02 10:00:00,28.8,2.23,10,2,0.2890070921985815,2.08,1.76,1.83
755,2025-07-02 11:00:00,29.1,2.27,11,2,0.2960992907801418,2.23,2.08,1.76
756,2025-07-02 12:00:00,30.2,2.9,12,2,0.40780141843971623,2.27,2.23,2.08
757,2025-07-02 13:00:00,30.6,2.71,13,2,0.3741134751773049,2.9,2.27,2.23
758,2025-07-02 14:00:00,30.2,2.79,14,2,0.3882978723404255,2.71,2.9,2.27
759,2025-07-02 15:00:00,30.2,2.42,15,2,0.3226950354609929,2.79,2.71,2.9
760,2025-07-02 16:00:00,30.4,2.7,16,2,0.3723404255319149,2.42,2.79,2.71
761,2025-07-02 17:00:00,30.6,2.65,17,2,0.3634751773049645,2.7,2.42,2.79
762,2025-07-02 18:00:00,30.3,2.62,18,2,0.3581560283687943,2.65,2.7,2.42
763,2025-07-02 19:00:00,29.5,2.35,19,2,0.3102836879432624,2.62,2.65,2.7
764,2025-07-02 20:00:00,28.8,2.09,20,2,0.26418439716312053,2.35,2.62,2.65
765,2025-07-02 21:00:00,28.3,2.32,21,2,0.30496453900709214,2.09,2.35,2.62
766,2025-07-02 22:00:00,28.0,2.05,22,2,0.25709219858156024,2.32,2.09,2.35
767,2025-07-02 23:00:00,27.8,1.92,23,2,0.2340425531914893,2.05,2.32,2.09
768,2025-07-03 00:00:00,27.6,2.01,0,3,0.24999999999999994,1.92,2.05,2.32
769,2025-07-03 01:00:00,27.4,1.84,1,3,0.21985815602836878,2.01,1.92,2.05
770,2025-07-03 02:00:00,27.2,1.75,2,3,0.20390070921985815,1.84,2.01,1.92
771,2025-07-03 03:00:00,27.1,1.8,3,3,0.21276595744680848,1.75,1.84,2.01
772,2025-07-03 04:00:00,27.0,1.87,4,3,0.22517730496453897,1.8,1.75,1.84
773,2025-07-03 05:00:00,26.9,1.68,5,3,0.1914893617021276,1.87,1.8,1.75
774,2025-07-03 06:00:00,26.8,1.6,6,3,0.17730496453900707,1.68,1.87,1.8
775,2025-07-03 07:00:00,26.8,1.69,7,3,0.1932624113475177,1.6,1.68,1.87
776,2025-07-03 08:00:00,27.0,1.81,8,3,0.21453900709219859,1.69,1.6,1.68
777,2025-07-03 09:00:00,27.1,1.8,9,3,0.21276595744680848,1.81,1.69,1.6
778,2025-07-03 10:00:00,27.5,2.03,10,3,0.2535460992907801,1.8,1.81,1.69
779,2025-07-03 11:00:00,28.2,2.01,11,3,0.24999999999999994,2.03,1.8,1.81
780,2025-07-03 12:00:00,28.5,2.3,12,3,0.301418439716312,2.01,2.03,1.8
781,2025-07-03 13:00:00,28.6,2.17,13,3,0.27836879432624106,2.3,2.01,2.03
782,2025-07-03 14:00:00,30.0,2.68,14,3,0.36879432624113473,2.17,2.3,2.01
783,2025-07-03 15:00:00,31.5,3.1,15,3,0.4432624113475177,2.68,2.17,2.3
784,2025-07-03 16:00:00,31.1,3.14,16,3,0.450354609929078,3.1,2.68,2.17
785,2025-07-03 17:00:00,31.5,3.23,17,3,0.46631205673758863,3.14,3.1,2.68
786,2025-07-03 18:00:00,30.5,2.73,18,3,0.37765957446808507,3.23,3.14,3.1
787,2025-07-03 19:00:00,29.6,2.31,19,3,0.3031914893617021,2.73,3.23,3.14
788,2025-07-03 20:00:00,28.7,2.18,20,3,0.2801418439716312,2.31,2.73,3.23
789,2025-07-03 21:00:00,28.0,1.89,21,3,0.22872340425531912,2.18,2.31,2.73
790,2025-07-03 22:00:00,27.5,1.79,22,3,0.21099290780141844,1.89,2.18,2.31
791,2025-07-03 23:00:00,27.0,1.83,23,3,0.21808510638297873,1.79,1.89,2.18
792,2025-07-04 00:00:00,26.5,1.47,0,4,0.15425531914893614,1.83,1.79,1.89
793,2025-07-04 01:00:00,26.3,1.71,1,4,0.19680851063829785,1.47,1.83,1.79
794,2025-07-04 02:00:00,26.1,1.19,2,4,0.10460992907801417,1.71,1.47,1.83
795,2025-07-04 03:00:00,26.0,1.58,3,4,0.17375886524822692,1.19,1.71,1.47
796,2025-07-04 04:00:00,25.8,1.31,4,4,0.12588652482269502,1.58,1.19,1.71
797,2025-07-04 05:00:00,25.8,1.45,5,4,0.150709219858156,1.31,1.58,1.19
798,2025-07-04 06:00:00,25.7,1.37,6,4,0.13652482269503546,1.45,1.31,1.58
799,2025-07-04 07:00:00,26.0,1.57,7,4,0.17198581560283688,1.37,1.45,1.31
800,2025-07-04 08:00:00,26.6,1.72,8,4,0.1985815602836879,1.57,1.37,1.45
801,2025-07-04 09:00:00,26.8,1.7,9,4,0.19503546099290775,1.72,1.57,1.37
802,2025-07-04 10:00:00,27.1,1.66,10,4,0.18794326241134746,1.7,1.72,1.57
803,2025-07-04 11:00:00,27.3,1.73,11,4,0.200354609929078,1.66,1.7,1.72
804,2025-07-04 12:00:00,27.0,1.78,12,4,0.20921985815602834,1.73,1.66,1.7
805,2025-07-04 13:00:00,27.4,2.06,13,4,0.25886524822695034,1.78,1.73,1.66
806,2025-07-04 14:00:00,29.1,2.27,14,4,0.2960992907801418,2.06,1.78,1.73
807,2025-07-04 15:00:00,29.5,2.43,15,4,0.324468085106383,2.27,2.06,1.78
808,2025-07-04 16:00:00,28.9,2.03,16,4,0.2535460992907801,2.43,2.27,2.06
809,2025-07-04 17:00:00,28.6,2.1,17,4,0.26595744680851063,2.03,2.43,2.27
810,2025-07-04 18:00:00,28.4,2.12,18,4,0.2695035460992908,2.1,2.03,2.43
811,2025-07-04 19:00:00,28.1,2.15,19,4,0.2748226950354609,2.12,2.1,2.03
812,2025-07-04 20:00:00,27.7,1.86,20,4,0.22340425531914893,2.15,2.12,2.1
813,2025-07-04 21:00:00,27.4,1.73,21,4,0.200354609929078,1.86,2.15,2.12
814,2025-07-04 22:00:00,27.1,1.64,22,4,0.1843971631205673,1.73,1.86,2.15
815,2025-07-04 23:00:00,26.9,1.75,23,4,0.20390070921985815,1.64,1.73,1.86
816,2025-07-05 00:00:00,26.7,1.78,0,5,0.20921985815602834,1.75,1.64,1.73
817,2025-07-05 01:00:00,26.6,1.71,1,5,0.19680851063829785,1.78,1.75,1.64
818,2025-07-05 02:00:00,26.5,1.62,2,5,0.18085106382978722,1.71,1.78,1.75
819,2025-07-05 03:00:00,26.3,1.54,3,5,0.16666666666666663,1.62,1.71,1.78
820,2025-07-05 04:00:00,26.2,1.52,4,5,0.16312056737588648,1.54,1.62,1.71
821,2025-07-05 05:00:00,26.1,1.53,5,5,0.16489361702127658,1.52,1.54,1.62
822,2025-07-05 06:00:00,26.0,1.53,6,5,0.16489361702127658,1.53,1.52,1.54
823,2025-07-05 07:00:00,26.2,1.44,7,5,0.14893617021276595,1.53,1.53,1.52
824,2025-07-05 08:00:00,26.4,1.84,8,5,0.21985815602836878,1.44,1.53,1.53
825,2025-07-05 09:00:00,27.2,1.79,9,5,0.21099290780141844,1.84,1.44,1.53
826,2025-07-05 10:00:00,27.7,1.84,10,5,0.21985815602836878,1.79,1.84,1.44
827,2025-07-05 11:00:00,28.2,2.2,11,5,0.28368794326241137,1.84,1.79,1.84
828,2025-07-05 12:00:00,29.2,2.46,12,5,0.32978723404255317,2.2,1.84,1.79
829,2025-07-05 13:00:00,30.3,2.73,13,5,0.37765957446808507,2.46,2.2,1.84
830,2025-07-05 14:00:00,31.1,3.08,14,5,0.4397163120567375,2.73,2.46,2.2
831,2025-07-05 15:00:00,32.2,3.81,15,5,0.5691489361702127,3.08,2.73,2.46
832,2025-07-05 16:00:00,32.0,3.39,16,5,0.4946808510638297,3.81,3.08,2.73
833,2025-07-05 17:00:00,31.2,3.05,17,5,0.43439716312056725,3.39,3.81,3.08
834,2025-07-05 18:00:00,30.7,2.87,18,5,0.4024822695035461,3.05,3.39,3.81
835,2025-07-05 19:00:00,30.1,2.6,19,5,0.35460992907801414,2.87,3.05,3.39
836,2025-07-05 20:00:00,29.2,2.32,20,5,0.30496453900709214,2.6,2.87,3.05
837,2025-07-05 21:00:00,28.7,2.26,21,5,0.2943262411347517,2.32,2.6,2.87
838,2025-07-05 22:00:00,28.0,2.05,22,5,0.25709219858156024,2.26,2.32,2.6
839,2025-07-05 23:00:00,27.4,1.76,23,5,0.2056737588652482,2.05,2.26,2.32
840,2025-07-06 00:00:00,27.1,1.79,0,6,0.21099290780141844,1.76,2.05,2.26
841,2025-07-06 01:00:00,26.8,1.81,1,6,0.21453900709219859,1.79,1.76,2.05
842,2025-07-06 02:00:00,26.6,1.66,2,6,0.18794326241134746,1.81,1.79,1.76
843,2025-07-06 03:00:00,26.6,1.74,3,6,0.20212765957446804,1.66,1.81,1.79
844,2025-07-06 04:00:00,26.5,1.63,4,6,0.18262411347517726,1.74,1.66,1.81
845,2025-07-06 05:00:00,26.5,1.53,5,6,0.16489361702127658,1.63,1.74,1.66
846,2025-07-06 06:00:00,26.4,1.65,6,6,0.1861702127659574,1.53,1.63,1.74
847,2025-07-06 07:00:00,26.4,1.53,7,6,0.16489361702127658,1.65,1.53,1.63
848,2025-07-06 08:00:00,26.4,1.65,8,6,0.1861702127659574,1.53,1.65,1.53
849,2025-07-06 09:00:00,26.6,1.49,9,6,0.1578014184397163,1.65,1.53,1.65
850,2025-07-06 10:00:00,27.4,1.81,10,6,0.21453900709219859,1.49,1.65,1.53
851,2025-07-06 11:00:00,28.6,2.19,11,6,0.2819148936170212,1.81,1.49,1.65
852,2025-07-06 12:00:00,30.6,2.69,12,6,0.3705673758865248,2.19,1.81,1.49
853,2025-07-06 13:00:00,31.5,3.28,13,6,0.47517730496453886,2.69,2.19,1.81
854,2025-07-06 14:00:00,32.6,3.92,14,6,0.5886524822695034,3.28,2.69,2.19
855,2025-07-06 15:00:00,32.7,3.77,15,6,0.5620567375886525,3.92,3.28,2.69
856,2025-07-06 16:00:00,32.3,3.6,16,6,0.5319148936170213,3.77,3.92,3.28
857,2025-07-06 17:00:00,31.9,3.5,17,6,0.5141843971631206,3.6,3.77,3.92
858,2025-07-06 18:00:00,32.0,3.52,18,6,0.5177304964539007,3.5,3.6,3.77
859,2025-07-06 19:00:00,31.4,3.19,19,6,0.45921985815602834,3.52,3.5,3.6
860,2025-07-06 20:00:00,30.2,2.67,20,6,0.3670212765957446,3.19,3.52,3.5
861,2025-07-06 21:00:00,29.5,2.33,21,6,0.30673758865248224,2.67,3.19,3.52
862,2025-07-06 22:00:00,28.8,2.17,22,6,0.27836879432624106,2.33,2.67,3.19
863,2025-07-06 23:00:00,28.4,1.93,23,6,0.2358156028368794,2.17,2.33,2.67
864,2025-07-07 00:00:00,28.2,1.96,0,0,0.2411347517730496,1.93,2.17,2.33
865,2025-07-07 01:00:00,27.7,1.92,1,0,0.2340425531914893,1.96,1.93,2.17
866,2025-07-07 02:00:00,27.3,1.91,2,0,0.23226950354609927,1.92,1.96,1.93
867,2025-07-07 03:00:00,27.2,1.79,3,0,0.21099290780141844,1.91,1.92,1.96
868,2025-07-07 04:00:00,27.0,1.84,4,0,0.21985815602836878,1.79,1.91,1.92
869,2025-07-07 05:00:00,27.0,1.77,5,0,0.2074468085106383,1.84,1.79,1.91
870,2025-07-07 06:00:00,26.7,1.93,6,0,0.2358156028368794,1.77,1.84,1.79
871,2025-07-07 07:00:00,26.8,1.8,7,0,0.21276595744680848,1.93,1.77,1.84
872,2025-07-07 08:00:00,27.2,1.87,8,0,0.22517730496453897,1.8,1.93,1.77
873,2025-07-07 09:00:00,27.5,2.0,9,0,0.2482269503546099,1.87,1.8,1.93
874,2025-07-07 10:00:00,28.0,1.96,10,0,0.2411347517730496,2.0,1.87,1.8
875,2025-07-07 11:00:00,28.3,2.07,11,0,0.2606382978723404,1.96,2.0,1.87
876,2025-07-07 12:00:00,28.8,2.11,12,0,0.2677304964539007,2.07,1.96,2.0
877,2025-07-07 13:00:00,30.7,2.98,13,0,0.4219858156028368,2.11,2.07,1.96
878,2025-07-07 14:00:00,32.3,3.66,14,0,0.5425531914893618,2.98,2.11,2.07
879,2025-07-07 15:00:00,32.8,3.92,15,0,0.5886524822695034,3.66,2.98,2.11
880,2025-07-07 16:00:00,33.0,3.91,16,0,0.5868794326241134,3.92,3.66,2.98
881,2025-07-07 17:00:00,32.8,3.85,17,0,0.5762411347517731,3.91,3.92,3.66
882,2025-07-07 18:00:00,32.2,3.61,18,0,0.5336879432624113,3.85,3.91,3.92
883,2025-07-07 19:00:00,30.9,2.92,19,0,0.41134751773049644,3.61,3.85,3.91
884,2025-07-07 20:00:00,29.7,2.55,20,0,0.34574468085106375,2.92,3.61,3.85
885,2025-07-07 21:00:00,29.1,2.31,21,0,0.3031914893617021,2.55,2.92,3.61
886,2025-07-07 22:00:00,28.8,2.23,22,0,0.2890070921985815,2.31,2.55,2.92
887,2025-07-07 23:00:00,28.6,2.11,23,0,0.2677304964539007,2.23,2.31,2.55
888,2025-07-08 00:00:00,28.4,2.15,0,1,0.2748226950354609,2.11,2.23,2.31
889,2025-07-08 01:00:00,28.2,2.09,1,1,0.26418439716312053,2.15,2.11,2.23
890,2025-07-08 02:00:00,27.9,1.78,2,1,0.20921985815602834,2.09,2.15,2.11
891,2025-07-08 03:00:00,27.7,1.9,3,1,0.23049645390070916,1.78,2.09,2.15
892,2025-07-08 04:00:00,27.4,1.84,4,1,0.21985815602836878,1.9,1.78,2.09
893,2025-07-08 05:00:00,27.0,1.8,5,1,0.21276595744680848,1.84,1.9,1.78
894,2025-07-08 06:00:00,27.0,1.92,6,1,0.2340425531914893,1.8,1.84,1.9
895,2025-07-08 07:00:00,27.7,2.01,7,1,0.24999999999999994,1.92,1.8,1.84
896,2025-07-08 08:00:00,29.5,2.5,8,1,0.3368794326241134,2.01,1.92,1.8
897,2025-07-08 09:00:00,31.1,3.08,9,1,0.4397163120567375,2.5,2.01,1.92
898,2025-07-08 10:00:00,32.7,3.91,10,1,0.5868794326241134,3.08,2.5,2.01
899,2025-07-08 11:00:00,34.4,4.6,11,1,0.7092198581560283,3.91,3.08,2.5
900,2025-07-08 12:00:00,35.3,5.14,12,1,0.8049645390070921,4.6,3.91,3.08
901,2025-07-08 13:00:00,35.2,5.07,13,1,0.7925531914893618,5.14,4.6,3.91
902,2025-07-08 14:00:00,36.7,5.94,14,1,0.9468085106382977,5.07,5.14,4.6
903,2025-07-08 15:00:00,37.4,6.24,15,1,0.9999999999999998,5.94,5.07,5.14
904,2025-07-08 16:00:00,36.6,5.84,16,1,0.9290780141843971,6.24,5.94,5.07
905,2025-07-08 17:00:00,37.2,6.12,17,1,0.978723404255319,5.84,6.24,5.94
906,2025-07-08 18:00:00,36.0,5.4,18,1,0.8510638297872339,6.12,5.84,6.24
907,2025-07-08 19:00:00,27.9,2.11,19,1,0.2677304964539007,5.4,6.12,5.84
908,2025-07-08 20:00:00,27.2,1.94,20,1,0.23758865248226946,2.11,5.4,6.12
909,2025-07-08 21:00:00,27.4,1.9,21,1,0.23049645390070916,1.94,2.11,5.4
910,2025-07-08 22:00:00,27.8,1.78,22,1,0.20921985815602834,1.9,1.94,2.11
911,2025-07-08 23:00:00,28.1,2.08,23,1,0.2624113475177305,1.78,1.9,1.94
912,2025-07-09 00:00:00,28.2,2.01,0,2,0.24999999999999994,2.08,1.78,1.9
913,2025-07-09 01:00:00,28.3,2.18,1,2,0.2801418439716312,2.01,2.08,1.78
914,2025-07-09 02:00:00,28.3,2.15,2,2,0.2748226950354609,2.18,2.01,2.08
915,2025-07-09 03:00:00,28.0,1.87,3,2,0.22517730496453897,2.15,2.18,2.01
916,2025-07-09 04:00:00,27.8,1.85,4,2,0.22163120567375888,1.87,2.15,2.18
917,2025-07-09 05:00:00,27.6,1.92,5,2,0.2340425531914893,1.85,1.87,2.15
918,2025-07-09 06:00:00,27.5,1.74,6,2,0.20212765957446804,1.92,1.85,1.87
919,2025-07-09 07:00:00,27.9,1.86,7,2,0.22340425531914893,1.74,1.92,1.85
920,2025-07-09 08:00:00,29.7,2.36,8,2,0.31205673758865243,1.86,1.74,1.92
921,2025-07-09 09:00:00,31.3,3.26,9,2,0.47163120567375877,2.36,1.86,1.74
922,2025-07-09 10:00:00,32.3,3.68,10,2,0.5460992907801419,3.26,2.36,1.86
923,2025-07-09 11:00:00,33.6,4.38,11,2,0.6702127659574466,3.68,3.26,2.36
924,2025-07-09 12:00:00,33.8,4.54,12,2,0.6985815602836878,4.38,3.68,3.26
925,2025-07-09 13:00:00,34.0,4.71,13,2,0.728723404255319,4.54,4.38,3.68
926,2025-07-09 14:00:00,35.4,5.23,14,2,0.8209219858156027,4.71,4.54,4.38
927,2025-07-09 15:00:00,35.4,5.28,15,2,0.8297872340425532,5.23,4.71,4.54
928,2025-07-09 16:00:00,35.5,5.33,16,2,0.8386524822695034,5.28,5.23,4.71
929,2025-07-09 17:00:00,35.4,5.15,17,2,0.8067375886524821,5.33,5.28,5.23
930,2025-07-09 18:00:00,35.3,5.11,18,2,0.799645390070922,5.15,5.33,5.28
931,2025-07-09 19:00:00,34.4,4.54,19,2,0.6985815602836878,5.11,5.15,5.33
932,2025-07-09 20:00:00,33.5,4.21,20,2,0.6400709219858156,4.54,5.11,5.15
933,2025-07-09 21:00:00,32.9,3.75,21,2,0.5585106382978722,4.21,4.54,5.11
934,2025-07-09 22:00:00,32.1,3.5,22,2,0.5141843971631206,3.75,4.21,4.54
935,2025-07-09 23:00:00,31.3,3.22,23,2,0.4645390070921986,3.5,3.75,4.21
936,2025-07-10 00:00:00,30.9,2.95,0,3,0.4166666666666667,3.22,3.5,3.75
937,2025-07-10 01:00:00,30.1,2.58,1,3,0.351063829787234,2.95,3.22,3.5
938,2025-07-10 02:00:00,29.3,2.33,2,3,0.30673758865248224,2.58,2.95,3.22
939,2025-07-10 03:00:00,28.7,2.15,3,3,0.2748226950354609,2.33,2.58,2.95
940,2025-07-10 04:00:00,28.2,1.99,4,3,0.24645390070921985,2.15,2.33,2.58
941,2025-07-10 05:00:00,27.8,1.93,5,3,0.2358156028368794,1.99,2.15,2.33
942,2025-07-10 06:00:00,27.3,1.69,6,3,0.1932624113475177,1.93,1.99,2.15
943,2025-07-10 07:00:00,27.6,1.91,7,3,0.23226950354609927,1.69,1.93,1.99
944,2025-07-10 08:00:00,29.4,2.18,8,3,0.2801418439716312,1.91,1.69,1.93
945,2025-07-10 09:00:00,31.0,3.07,9,3,0.43794326241134746,2.18,1.91,1.69
946,2025-07-10 10:00:00,32.1,3.43,10,3,0.50177304964539,3.07,2.18,1.91
947,2025-07-10 11:00:00,33.4,4.22,11,3,0.6418439716312057,3.43,3.07,2.18
948,2025-07-10 12:00:00,34.1,4.47,12,3,0.6861702127659572,4.22,3.43,3.07
949,2025-07-10 13:00:00,34.5,4.69,13,3,0.7251773049645389,4.47,4.22,3.43
950,2025-07-10 14:00:00,35.4,5.12,14,3,0.801418439716312,4.69,4.47,4.22
951,2025-07-10 15:00:00,35.7,5.44,15,3,0.8581560283687943,5.12,4.69,4.47
952,2025-07-10 16:00:00,36.1,5.62,16,3,0.8900709219858156,5.44,5.12,4.69
953,2025-07-10 17:00:00,36.0,5.65,17,3,0.8953900709219857,5.62,5.44,5.12
954,2025-07-10 18:00:00,35.5,5.21,18,3,0.8173758865248226,5.65,5.62,5.44
955,2025-07-10 19:00:00,33.9,4.54,19,3,0.6985815602836878,5.21,5.65,5.62
956,2025-07-10 20:00:00,32.2,3.69,20,3,0.5478723404255319,4.54,5.21,5.65
957,2025-07-10 21:00:00,31.0,2.91,21,3,0.4095744680851064,3.69,4.54,5.21
958,2025-07-10 22:00:00,29.9,2.6,22,3,0.35460992907801414,2.91,3.69,4.54
959,2025-07-10 23:00:00,28.9,2.2,23,3,0.28368794326241137,2.6,2.91,3.69
960,2025-07-11 00:00:00,28.0,1.8,0,4,0.21276595744680848,2.2,2.6,2.91
961,2025-07-11 01:00:00,27.1,1.92,1,4,0.2340425531914893,1.8,2.2,2.6
962,2025-07-11 02:00:00,26.4,1.58,2,4,0.17375886524822692,1.92,1.8,2.2
963,2025-07-11 03:00:00,25.8,1.25,3,4,0.11524822695035458,1.58,1.92,1.8
964,2025-07-11 04:00:00,25.3,1.37,4,4,0.13652482269503546,1.25,1.58,1.92
965,2025-07-11 05:00:00,24.8,1.15,5,4,0.09751773049645387,1.37,1.25,1.58
966,2025-07-11 06:00:00,24.6,1.24,6,4,0.11347517730496454,1.15,1.37,1.25
967,2025-07-11 07:00:00,25.3,1.37,7,4,0.13652482269503546,1.24,1.15,1.37
968,2025-07-11 08:00:00,27.1,1.84,8,4,0.21985815602836878,1.37,1.24,1.15
969,2025-07-11 09:00:00,28.8,2.28,9,4,0.29787234042553185,1.84,1.37,1.24
970,2025-07-11 10:00:00,30.2,2.61,10,4,0.3563829787234042,2.28,1.84,1.37
971,2025-07-11 11:00:00,31.4,2.96,11,4,0.41843971631205673,2.61,2.28,1.84
972,2025-07-11 12:00:00,32.5,3.99,12,4,0.6010638297872339,2.96,2.61,2.28
973,2025-07-11 13:00:00,33.5,4.17,13,4,0.6329787234042552,3.99,2.96,2.61
974,2025-07-11 14:00:00,34.3,4.63,14,4,0.7145390070921984,4.17,3.99,2.96
975,2025-07-11 15:00:00,35.0,4.95,15,4,0.7712765957446808,4.63,4.17,3.99
976,2025-07-11 16:00:00,35.7,5.27,16,4,0.8280141843971629,4.95,4.63,4.17
977,2025-07-11 17:00:00,36.0,5.58,17,4,0.8829787234042552,5.27,4.95,4.63
978,2025-07-11 18:00:00,35.6,5.3,18,4,0.8333333333333333,5.58,5.27,4.95
979,2025-07-11 19:00:00,34.2,4.56,19,4,0.7021276595744679,5.3,5.58,5.27
980,2025-07-11 20:00:00,32.5,3.7,20,4,0.549645390070922,4.56,5.3,5.58
981,2025-07-11 21:00:00,30.9,2.93,21,4,0.4131205673758865,3.7,4.56,5.3
982,2025-07-11 22:00:00,29.8,2.47,22,4,0.33156028368794327,2.93,3.7,4.56
983,2025-07-11 23:00:00,28.8,2.25,23,4,0.29255319148936165,2.47,2.93,3.7
984,2025-07-12 00:00:00,28.0,2.11,0,5,0.2677304964539007,2.25,2.47,2.93
985,2025-07-12 01:00:00,27.2,1.95,1,5,0.23936170212765956,2.11,2.25,2.47
986,2025-07-12 02:00:00,26.6,1.65,2,5,0.1861702127659574,1.95,2.11,2.25
987,2025-07-12 03:00:00,26.0,1.74,3,5,0.20212765957446804,1.65,1.95,2.11
988,2025-07-12 04:00:00,25.4,1.22,4,5,0.10992907801418439,1.74,1.65,1.95
989,2025-07-12 05:00:00,24.8,1.24,5,5,0.11347517730496454,1.22,1.74,1.65
990,2025-07-12 06:00:00,24.4,1.04,6,5,0.07801418439716312,1.24,1.22,1.74
991,2025-07-12 07:00:00,25.1,1.22,7,5,0.10992907801418439,1.04,1.24,1.22
992,2025-07-12 08:00:00,27.3,1.85,8,5,0.22163120567375888,1.22,1.04,1.24
993,2025-07-12 09:00:00,29.1,2.48,9,5,0.3333333333333333,1.85,1.22,1.04
994,2025-07-12 10:00:00,30.6,2.78,10,5,0.38652482269503535,2.48,1.85,1.22
995,2025-07-12 11:00:00,32.2,3.78,11,5,0.5638297872340425,2.78,2.48,1.85
996,2025-07-12 12:00:00,33.3,4.24,12,5,0.6453900709219857,3.78,2.78,2.48
997,2025-07-12 13:00:00,34.3,4.93,13,5,0.7677304964539005,4.24,3.78,2.78
998,2025-07-12 14:00:00,35.2,5.0,14,5,0.780141843971631,4.93,4.24,3.78
999,2025-07-12 15:00:00,35.9,5.43,15,5,0.8563829787234041,5.0,4.93,4.24
1000,2025-07-12 16:00:00,36.2,5.59,16,5,0.8847517730496453,5.43,5.0,4.93
1001,2025-07-12 17:00:00,36.0,5.64,17,5,0.8936170212765955,5.59,5.43,5.0
1002,2025-07-12 18:00:00,34.9,4.84,18,5,0.75177304964539,5.64,5.59,5.43
1003,2025-07-12 19:00:00,32.8,3.87,19,5,0.5797872340425532,4.84,5.64,5.59
1004,2025-07-12 20:00:00,31.4,3.33,20,5,0.4840425531914893,3.87,4.84,5.64
1005,2025-07-12 21:00:00,30.6,2.72,21,5,0.375886524822695,3.33,3.87,4.84
1006,2025-07-12 22:00:00,29.7,2.45,22,5,0.3280141843971631,2.72,3.33,3.87
1007,2025-07-12 23:00:00,28.8,2.14,23,5,0.2730496453900709,2.45,2.72,3.33
1008,2025-07-13 00:00:00,28.2,1.97,0,6,0.2429078014184397,2.14,2.45,2.72
1009,2025-07-13 01:00:00,27.7,1.78,1,6,0.20921985815602834,1.97,2.14,2.45
1010,2025-07-13 02:00:00,27.3,1.79,2,6,0.21099290780141844,1.78,1.97,2.14
1011,2025-07-13 03:00:00,27.0,1.67,3,6,0.18971631205673756,1.79,1.78,1.97
1012,2025-07-13 04:00:00,26.7,1.44,4,6,0.14893617021276595,1.67,1.79,1.78
1013,2025-07-13 05:00:00,26.0,1.58,5,6,0.17375886524822692,1.44,1.67,1.79
1014,2025-07-13 06:00:00,25.7,1.45,6,6,0.150709219858156,1.58,1.44,1.67
1015,2025-07-13 07:00:00,26.4,1.6,7,6,0.17730496453900707,1.45,1.58,1.44
1016,2025-07-13 08:00:00,27.8,2.01,8,6,0.24999999999999994,1.6,1.45,1.58
1017,2025-07-13 09:00:00,29.3,2.32,9,6,0.30496453900709214,2.01,1.6,1.45
1018,2025-07-13 10:00:00,30.1,2.7,10,6,0.3723404255319149,2.32,2.01,1.6
1019,2025-07-13 11:00:00,30.8,2.97,11,6,0.4202127659574468,2.7,2.32,2.01
1020,2025-07-13 12:00:00,30.6,2.72,12,6,0.375886524822695,2.97,2.7,2.32
1021,2025-07-13 13:00:00,30.7,2.85,13,6,0.3989361702127659,2.72,2.97,2.7
1022,2025-07-13 14:00:00,28.2,2.12,14,6,0.2695035460992908,2.85,2.72,2.97
1023,2025-07-13 15:00:00,28.1,1.84,15,6,0.21985815602836878,2.12,2.85,2.72
1024,2025-07-13 16:00:00,28.3,2.04,16,6,0.2553191489361702,1.84,2.12,2.85
1025,2025-07-13 17:00:00,28.3,2.15,17,6,0.2748226950354609,2.04,1.84,2.12
1026,2025-07-13 18:00:00,28.2,2.09,18,6,0.26418439716312053,2.15,2.04,1.84
1027,2025-07-13 19:00:00,28.1,2.23,19,6,0.2890070921985815,2.09,2.15,2.04
1028,2025-07-13 20:00:00,27.8,1.94,20,6,0.23758865248226946,2.23,2.09,2.15
1029,2025-07-13 21:00:00,27.0,1.8,21,6,0.21276595744680848,1.94,2.23,2.09
1030,2025-07-13 22:00:00,26.5,1.6,22,6,0.17730496453900707,1.8,1.94,2.23
1031,2025-07-13 23:00:00,25.9,1.6,23,6,0.17730496453900707,1.6,1.8,1.94
1032,2025-07-14 00:00:00,25.6,1.45,0,0,0.150709219858156,1.6,1.6,1.8
1033,2025-07-14 01:00:00,25.3,1.15,1,0,0.09751773049645387,1.45,1.6,1.6
1034,2025-07-14 02:00:00,25.1,1.52,2,0,0.16312056737588648,1.15,1.45,1.6
1035,2025-07-14 03:00:00,24.7,1.24,3,0,0.11347517730496454,1.52,1.15,1.45
1036,2025-07-14 04:00:00,24.3,1.09,4,0,0.08687943262411349,1.24,1.52,1.15
1037,2025-07-14 05:00:00,23.9,1.05,5,0,0.0797872340425532,1.09,1.24,1.52
1038,2025-07-14 06:00:00,23.6,0.86,6,0,0.04609929078014183,1.05,1.09,1.24
1039,2025-07-14 07:00:00,24.0,0.88,7,0,0.049645390070921974,0.86,1.05,1.09
1040,2025-07-14 08:00:00,25.1,1.22,8,0,0.10992907801418439,0.88,0.86,1.05
1041,2025-07-14 09:00:00,25.6,1.32,9,0,0.1276595744680851,1.22,0.88,0.86
1042,2025-07-14 10:00:00,26.1,1.64,10,0,0.1843971631205673,1.32,1.22,0.88
1043,2025-07-14 11:00:00,27.7,1.7,11,0,0.19503546099290775,1.64,1.32,1.22
1044,2025-07-14 12:00:00,27.9,1.82,12,0,0.21631205673758863,1.7,1.64,1.32
1045,2025-07-14 13:00:00,25.8,1.35,13,0,0.13297872340425532,1.82,1.7,1.64
1046,2025-07-14 14:00:00,25.6,1.48,14,0,0.15602836879432624,1.35,1.82,1.7
1047,2025-07-14 15:00:00,24.8,1.27,15,0,0.11879432624113473,1.48,1.35,1.82
1048,2025-07-14 16:00:00,23.2,0.82,16,0,0.03900709219858153,1.27,1.48,1.35
1049,2025-07-14 17:00:00,23.2,0.92,17,0,0.05673758865248227,0.82,1.27,1.48
1050,2025-07-14 18:00:00,23.1,1.08,18,0,0.08510638297872342,0.92,0.82,1.27
1051,2025-07-14 19:00:00,23.0,1.13,19,0,0.09397163120567373,1.08,0.92,0.82
1052,2025-07-14 20:00:00,22.7,0.93,20,0,0.05851063829787234,1.13,1.08,0.92
1053,2025-07-14 21:00:00,22.5,0.93,21,0,0.05851063829787234,0.93,1.13,1.08
1054,2025-07-14 22:00:00,22.1,0.86,22,0,0.04609929078014183,0.93,0.93,1.13
1055,2025-07-14 23:00:00,21.9,0.81,23,0,0.03723404255319149,0.86,0.93,0.93
1056,2025-07-15 00:00:00,21.7,0.77,0,1,0.030141843971631194,0.81,0.86,0.93
1057,2025-07-15 01:00:00,21.6,0.91,1,1,0.054964539007092195,0.77,0.81,0.86
1058,2025-07-15 02:00:00,21.5,0.74,2,1,0.024822695035461,0.91,0.77,0.81
1059,2025-07-15 03:00:00,21.6,0.96,3,1,0.06382978723404253,0.74,0.91,0.77
1060,2025-07-15 04:00:00,21.6,0.69,4,1,0.015957446808510634,0.96,0.74,0.91
1061,2025-07-15 05:00:00,21.6,0.6,5,1,0.0,0.69,0.96,0.74
1062,2025-07-15 06:00:00,21.5,0.7,6,1,0.017730496453900693,0.6,0.69,0.96
1063,2025-07-15 07:00:00,21.6,0.78,7,1,0.03191489361702127,0.7,0.6,0.69
1064,2025-07-15 08:00:00,22.0,0.7,8,1,0.017730496453900693,0.78,0.7,0.6
1065,2025-07-15 09:00:00,22.5,0.84,9,1,0.04255319148936168,0.7,0.78,0.7
1066,2025-07-15 10:00:00,22.8,1.04,10,1,0.07801418439716312,0.84,0.7,0.78
1067,2025-07-15 11:00:00,23.0,0.8,11,1,0.035460992907801414,1.04,0.84,0.7
1068,2025-07-15 12:00:00,23.8,0.79,12,1,0.03368794326241134,0.8,1.04,0.84
1069,2025-07-15 13:00:00,24.2,1.16,13,1,0.09929078014184395,0.79,0.8,1.04
1070,2025-07-15 14:00:00,24.4,1.1,14,1,0.08865248226950356,1.16,0.79,0.8
1071,2025-07-15 15:00:00,25.7,1.43,15,1,0.14716312056737585,1.1,1.16,0.79
1072,2025-07-15 16:00:00,25.5,1.36,16,1,0.1347517730496454,1.43,1.1,1.16
1073,2025-07-15 17:00:00,25.4,1.27,17,1,0.11879432624113473,1.36,1.43,1.1
1074,2025-07-15 18:00:00,25.0,1.26,18,1,0.11702127659574466,1.27,1.36,1.43
1075,2025-07-15 19:00:00,25.0,1.16,19,1,0.09929078014184395,1.26,1.27,1.36
1076,2025-07-15 20:00:00,24.4,1.1,20,1,0.08865248226950356,1.16,1.26,1.27
1077,2025-07-15 21:00:00,24.2,0.98,21,1,0.06737588652482268,1.1,1.16,1.26
1078,2025-07-15 22:00:00,24.2,1.11,22,1,0.09042553191489364,0.98,1.1,1.16
1079,2025-07-15 23:00:00,24.1,1.0,23,1,0.07092198581560283,1.11,0.98,1.1
