dt,Global_active_power,Global_reactive_power,Voltage,Global_intensity,Sub_metering_1,Sub_metering_2,Sub_metering_3
2006-12-16,1209.176,34.922,93552.53,5180.8,0.0,546.0,4926.0
2006-12-17,3390.46,226.006,345725.32,14398.6,2033.0,4187.0,13341.0
2006-12-18,2203.826,161.792,347373.64,9247.2,1063.0,2621.0,14018.0
2006-12-19,1666.194,150.942,348479.01,7094.0,839.0,7602.0,6197.0
2006-12-20,2225.748,160.998,348923.61,9313.0,0.0,2648.0,14063.0
2006-12-21,1717.112,144.166,347100.89,7240.6,1765.0,2623.0,10421.0
2006-12-22,2341.338,186.906,347305.75,9897.0,3151.0,350.0,11131.0
2006-12-23,4773.386,221.47,345795.95,20200.4,2669.0,425.0,14726.0
2006-12-24,2550.012,149.9,348029.91,11002.2,1703.0,5082.0,6891.0
2006-12-25,2743.12,240.28,350495.9,11450.2,6620.0,1962.0,5795.0
2006-12-26,3934.11,165.102,347940.63,16341.0,1086.0,2533.0,14979.0
2006-12-27,1528.76,178.902,351025.0,6505.2,0.0,314.0,6976.0
2006-12-28,2072.638,208.876,350306.4,8764.2,2207.0,4419.0,9176.0
2006-12-29,3174.392,196.394,346854.68,13350.8,1252.0,5162.0,11329.0
2006-12-30,2801.738,312.75600000000003,346372.31,11976.6,3148.0,7929.0,12516.0
2006-12-31,3494.196,150.852,345451.07,14687.4,0.0,347.0,6502.0
2007-01-01,2749.004,148.166,345785.73,11400.4,0.0,352.0,5880.0
2007-01-02,1269.236,190.342,348399.04,5348.2,0.0,348.0,6562.0
2007-01-03,1014.054,196.728,350722.21,4340.2,0.0,344.0,4765.0
2007-01-04,3259.412,202.302,345240.43,13648.6,1051.0,7597.0,10896.0
2007-01-05,2713.364,173.154,346313.9,11354.6,1483.0,379.0,7602.0
2007-01-06,1508.378,192.188,345129.2,6543.2,1336.0,402.0,5678.0
2007-01-07,2447.62,246.074,346899.58,10487.0,1987.0,8177.0,12810.0
2007-01-08,2241.36,207.568,344990.81,9434.4,0.0,467.0,17547.0
2007-01-09,1869.054,207.248,346302.03,7950.4,1688.0,4267.0,9790.0
2007-01-10,2154.8,228.452,347079.53,9155.2,771.0,4456.0,11012.0
2007-01-11,2255.194,230.02,347264.19,9588.0,1378.0,2170.0,12415.0
2007-01-12,1461.296,199.14,347815.02,6205.2,0.0,439.0,8276.0
2007-01-13,3186.814,290.736,344568.4,13612.4,7806.0,2975.0,11341.0
2007-01-14,3011.038,227.432,343897.94,12919.2,1777.0,4215.0,12991.0
2007-01-15,2148.678,174.86,347386.91,9016.6,1099.0,2239.0,15163.0
2007-01-16,1686.404,185.428,348400.45,7165.4,2063.0,644.0,6583.0
2007-01-17,2847.688,200.752,347047.56,11928.8,3500.0,5737.0,16064.0
2007-01-18,1821.462,177.712,346886.78,7693.2,0.0,336.0,13491.0
2007-01-19,1480.44,170.052,345831.76,6301.8,2103.0,330.0,7172.0
2007-01-20,3133.732,238.362,343969.16,13461.2,4324.0,5222.0,11440.0
2007-01-21,3407.262,229.736,344114.09,14674.6,10346.0,5567.0,11599.0
2007-01-22,2180.494,168.642,347908.51,9151.6,1054.0,2983.0,11361.0
2007-01-23,1777.64,138.28,349578.08,7575.6,0.0,1064.0,5061.0
2007-01-24,2987.854,178.06,347699.08,12576.4,3464.0,2480.0,11744.0
2007-01-25,1596.344,144.16,350531.08,6666.2,1158.0,262.0,11239.0
2007-01-26,1617.972,142.902,349591.38,6798.8,1163.0,261.0,8238.0
2007-01-27,2044.072,148.242,347927.86,8567.8,1170.0,3896.0,12374.0
2007-01-28,3092.35,153.606,346035.05,13152.4,3466.0,3997.0,12062.0
2007-01-29,1982.664,165.696,346938.62,8336.0,1123.0,294.0,15254.0
2007-01-30,1707.798,180.934,348250.86,7240.6,1123.0,1424.0,8149.0
2007-01-31,2363.752,185.988,345486.43,9970.0,0.0,5950.0,15052.0
2007-02-01,1824.76,150.264,346164.68,7678.8,1170.0,386.0,13145.0
2007-02-02,1667.736,139.542,346081.52,7014.0,0.0,356.0,11338.0
2007-02-03,4029.722,245.824,344030.68,17015.0,4746.0,4573.0,17834.0
2007-02-04,3595.94,186.494,345072.0,15214.2,3391.0,4597.0,14472.0
2007-02-05,1645.28,147.228,346766.85,6941.4,896.0,2564.0,7849.0
2007-02-06,1273.48,142.566,347420.39,5431.6,1185.0,405.0,4517.0
2007-02-07,2328.018,177.708,347255.56,9780.0,3299.0,3513.0,11986.0
2007-02-08,1801.414,138.896,348188.12,7557.6,2226.0,366.0,10157.0
2007-02-09,1620.198,158.066,348106.24,6807.2,0.0,3045.0,9770.0
2007-02-10,2829.328,192.974,345653.03,11957.4,5071.0,2831.0,14405.0
2007-02-11,3571.228,204.314,344888.85,15158.6,2430.0,4765.0,13114.0
2007-02-12,1877.61,136.704,345741.84,7925.0,2227.0,399.0,11517.0
2007-02-13,1414.546,134.678,347280.27,5967.0,0.0,2828.0,6256.0
2007-02-14,2498.672,202.506,346140.56,10533.8,3295.0,3793.0,11579.0
2007-02-15,1985.346,165.964,346563.68,8381.2,0.0,2363.0,14028.0
2007-02-16,1702.528,151.686,346782.16,7267.0,1148.0,859.0,8689.0
2007-02-17,2076.912,238.968,344615.09,8826.0,1765.0,2226.0,7157.0
2007-02-18,3829.762,255.522,344405.96,16184.0,6107.0,8003.0,13129.0
2007-02-19,2186.614,176.584,345297.0,9276.8,1634.0,2900.0,13085.0
2007-02-20,3149.928,187.158,345406.24,13202.6,2058.0,5191.0,9713.0
2007-02-21,2072.874,189.87,346263.79,8747.2,3527.0,2332.0,11548.0
2007-02-22,3375.57,138.074,343613.09,14219.8,1409.0,4129.0,12285.0
2007-02-23,1313.48,149.344,346587.79,5508.6,0.0,503.0,10786.0
2007-02-24,714.922,122.202,345402.87,3003.6,0.0,363.0,3562.0
2007-02-25,501.74,113.736,348021.43,2105.6,0.0,329.0,1660.0
2007-02-26,568.484,108.28,347433.97,2388.8,0.0,331.0,2830.0
2007-02-27,518.112,113.204,349839.75,2195.4,0.0,314.0,1924.0
2007-02-28,520.774,113.372,348709.81,2201.0,0.0,340.0,1973.0
2007-03-01,517.564,107.628,347502.82,2172.8,0.0,316.0,1980.0
2007-03-02,515.688,107.008,346451.9,2169.8,0.0,340.0,1969.0
2007-03-03,819.122,134.992,347454.84,3457.6,0.0,347.0,4597.0
2007-03-04,2090.7,175.682,345642.91,8867.8,1476.0,8711.0,9408.0
2007-03-05,2660.332,205.956,345644.51,11290.0,5727.0,12109.0,10026.0
2007-03-06,1246.5,186.148,347022.82,5321.8,0.0,1740.0,4700.0
2007-03-07,2375.206,171.2,346065.93,9986.4,1076.0,4761.0,15513.0
2007-03-08,1572.132,187.404,346558.21,6717.8,2180.0,3385.0,6655.0
2007-03-09,1272.612,119.238,346879.39,5373.0,1093.0,345.0,8631.0
2007-03-10,2484.712,243.528,345316.08,10572.4,4130.0,5422.0,10979.0
2007-03-11,3480.636,173.374,345610.5,14575.0,4810.0,3420.0,9500.0
2007-03-12,1950.668,134.422,346404.55,8249.0,1403.0,2841.0,12353.0
2007-03-13,1290.144,126.718,346893.07,5480.2,1350.0,3859.0,5323.0
2007-03-14,1793.364,157.522,346719.3,7585.2,3485.0,480.0,8607.0
2007-03-15,1884.814,159.326,346003.91,7953.4,0.0,3263.0,11036.0
2007-03-16,1702.054,130.208,344919.07,7189.0,1106.0,4604.0,5370.0
2007-03-17,2028.09,127.068,343043.5,8562.4,2208.0,359.0,12275.0
2007-03-18,2371.046,241.45,347108.86,10091.4,6564.0,7369.0,5856.0
2007-03-19,2152.518,144.764,346315.81,9046.0,1648.0,2686.0,14118.0
2007-03-20,2086.228,164.87,346774.52,8857.8,3745.0,2837.0,11255.0
2007-03-21,2142.092,142.83,347020.77,8981.6,1865.0,4133.0,12335.0
2007-03-22,1454.978,113.826,348139.48,6081.2,353.0,736.0,10462.0
2007-03-23,1309.008,119.488,347969.49,5477.4,1127.0,777.0,8369.0
2007-03-24,2968.43,191.024,345174.44,12532.8,3707.0,5797.0,16382.0
2007-03-25,3336.506,236.1,345650.11,13992.0,4630.0,3600.0,9358.0
2007-03-26,1416.082,160.966,347525.01,6023.6,1088.0,344.0,9096.0
2007-03-27,1105.14,151.726,346466.85,4747.0,0.0,3019.0,3697.0
2007-03-28,2333.898,196.518,346240.24,9870.6,1122.0,8527.0,13888.0
2007-03-29,1590.406,198.696,346372.83,6734.6,1162.0,460.0,10724.0
2007-03-30,1402.394,181.12800000000001,347096.49,6033.0,1094.0,468.0,8217.0
2007-03-31,3509.51,231.504,344535.51,14781.2,2620.0,7707.0,17682.0
2007-04-01,2785.9519999999998,202.552,345635.26,11735.2,4629.0,5401.0,19509.0
2007-04-02,1960.778,174.336,346262.57,8226.2,1755.0,970.0,16641.0
2007-04-03,1642.82,168.76,346327.14,6978.6,3630.0,1042.0,7637.0
2007-04-04,2051.868,172.318,346077.77,8620.2,3434.0,420.0,14748.0
2007-04-05,1844.078,244.538,347289.27,7907.8,1086.0,4277.0,10523.0
2007-04-06,1601.14,143.214,347305.61,6751.6,0.0,5466.0,9166.0
2007-04-07,1553.924,138.73,346145.17,6573.0,1127.0,3111.0,5923.0
2007-04-08,1608.816,135.882,346102.82,6796.6,0.0,485.0,3545.0
2007-04-09,1000.92,160.10999999999999,346392.7,4283.4,2667.0,514.0,3801.0
2007-04-10,777.364,148.94,346771.73,3380.2,209.0,742.0,2572.0
2007-04-11,887.482,192.446,347262.95,3771.0,0.0,1112.0,6421.0
2007-04-12,537.706,147.812,345968.73,2301.0,0.0,541.0,1818.0
2007-04-13,551.022,151.64,345672.7,2366.4,0.0,558.0,1988.0
2007-04-14,554.268,155.61,346050.93,2378.0,0.0,578.0,2008.0
2007-04-15,726.164,171.544,345940.83,3148.6,0.0,1026.0,2893.0
2007-04-16,952.39,186.074,346546.28,4136.4,952.0,1305.0,4656.0
2007-04-17,1223.734,218.354,345881.76,5314.8,1532.0,389.0,6199.0
2007-04-18,998.246,165.224,345811.36,4313.4,1579.0,355.0,3430.0
2007-04-19,1028.658,149.66,346218.97,4400.4,733.0,1605.0,5748.0
2007-04-20,822.58,145.64600000000002,345791.37,3592.6,1069.0,360.0,3499.0
2007-04-21,1673.656,212.658,344467.06,7251.4,6575.0,463.0,11129.0
2007-04-22,2233.714,267.194,345036.79,9631.4,4264.0,2287.0,11102.0
2007-04-23,1054.566,135.64,341619.33,4700.4,1402.0,506.0,6005.0
2007-04-24,1032.1,135.264,338896.69,4528.6,1125.0,527.0,6680.0
2007-04-25,1264.162,164.736,338315.2,5555.6,0.0,1469.0,8812.0
2007-04-26,1275.466,163.606,338093.71,5650.2,1324.0,1845.0,7163.0
2007-04-27,1094.332,161.928,338711.28,4770.0,1772.0,545.0,4756.0
2007-04-28,720.886,298.012,340138.27,3219.2000000000003,0.0,18.0,0.0
2007-04-29,708.48,299.52,340185.60000000003,3168.0000000000005,0.0,0.0,0.0
2007-04-30,845.91,251.42999999999998,339396.5,3766.6000000000004,1214.0,500.0,1131.0
2007-05-01,1663.858,181.608,337937.33,7305.6,4005.0,995.0,8546.0
2007-05-02,1003.486,160.092,339238.19,4523.8,7.0,1490.0,3754.0
2007-05-03,1090.238,150.942,338594.24,4763.0,1906.0,1725.0,7836.0
2007-05-04,998.128,174.74,339422.68,4432.4,2259.0,538.0,3990.0
2007-05-05,1563.052,174.102,338450.43,6820.0,2913.0,2493.0,11303.0
2007-05-06,2102.104,182.336,337549.9,9229.0,3215.0,949.0,10095.0
2007-05-07,1643.664,168.918,337733.24,7172.6,946.0,4935.0,9433.0
2007-05-08,1789.292,181.612,338264.98,7713.2,4581.0,2011.0,8777.0
2007-05-09,1665.736,183.484,338218.16,7280.8,3018.0,5631.0,9474.0
2007-05-10,707.884,168.314,339546.61,3177.8,946.0,534.0,3261.0
2007-05-11,979.154,132.096,338730.85,4359.8,926.0,491.0,6471.0
2007-05-12,1441.566,209.172,338000.98,6279.2,2247.0,1075.0,10408.0
2007-05-13,1634.738,220.67,339420.54,7155.6,3612.0,2414.0,8958.0
2007-05-14,1467.782,298.552,339393.7,6586.8,3176.0,2417.0,5517.0
2007-05-15,904.392,111.182,339281.27,3936.0,0.0,408.0,5318.0
2007-05-16,1692.944,135.894,338775.57,7303.4,2213.0,5756.0,9077.0
2007-05-17,1231.816,131.188,339650.58,5358.2,1014.0,2073.0,7687.0
2007-05-18,1631.53,171.258,339832.22,7022.4,3270.0,3913.0,8116.0
2007-05-19,1429.442,167.858,338320.4,6219.8,4683.0,530.0,7022.0
2007-05-20,1968.328,187.532,338901.29,8555.8,5420.0,1733.0,7611.0
2007-05-21,1120.062,117.28,337956.35,4807.6,0.0,468.0,9060.0
2007-05-22,1132.852,128.916,339092.03,4895.8,931.0,3966.0,3984.0
2007-05-23,1464.936,165.878,338129.99,6332.4,956.0,3792.0,8119.0
2007-05-24,1154.388,135.56,339186.33,4985.4,955.0,4116.0,4746.0
2007-05-25,1614.22,174.588,337603.97,7003.4,8060.0,586.0,6539.0
2007-05-26,1512.248,174.24,338500.64,6570.4,2373.0,2754.0,8628.0
2007-05-27,2153.808,219.894,338268.15,9369.4,4366.0,5534.0,10444.0
2007-05-28,1637.468,151.1,338265.47,7087.6,4554.0,473.0,9586.0
2007-05-29,1061.34,113.244,339399.86,4618.4,0.0,1907.0,4332.0
2007-05-30,1609.866,147.058,338157.21,6953.0,2250.0,5948.0,7804.0
2007-05-31,938.55,129.586,338539.0,4020.2,935.0,477.0,3552.0
2007-06-01,1045.374,143.42,338865.21,4514.4,0.0,483.0,7664.0
2007-06-02,1484.362,166.108,337635.4,6442.6,3971.0,1250.0,7633.0
2007-06-03,2108.026,182.458,338057.82,9148.2,4985.0,7529.0,8334.0
2007-06-04,911.618,223.192,338037.22,4064.0,1585.0,836.0,4533.0
2007-06-05,1458.892,255.692,337957.58,6429.8,4484.0,1027.0,6448.0
2007-06-06,1695.572,231.138,337854.86,7359.8,3330.0,829.0,11680.0
2007-06-07,985.002,172.334,337649.48,4294.6,985.0,699.0,3959.0
2007-06-08,2148.046,229.732,340124.32,9285.4,2799.0,11440.0,11380.0
2007-06-09,1093.02,230.736,346642.76,4704.2,852.0,599.0,6590.0
2007-06-10,1340.812,239.092,346815.77,5768.2,4202.0,1924.0,5983.0
2007-06-11,794.654,194.63400000000001,346833.72,3481.8,0.0,487.0,5328.0
2007-06-12,918.766,216.416,345923.85,4116.4,1882.0,475.0,3898.0
2007-06-13,927.272,208.26,346172.55,4057.2,957.0,857.0,5216.0
2007-06-14,1259.084,231.696,345380.81,5448.0,3322.0,2147.0,7054.0
2007-06-15,989.604,251.762,346268.71,4415.4,2269.0,4011.0,4547.0
2007-06-16,2017.762,307.558,344882.44,8604.0,3289.0,4498.0,11108.0
2007-06-17,1947.09,239.814,345915.62,8307.8,4124.0,5038.0,8734.0
2007-06-18,678.474,180.81,346717.73,2993.4,0.0,529.0,4241.0
2007-06-19,845.2,188.166,345983.97,3694.0,973.0,537.0,4391.0
2007-06-20,1074.286,227.302,345824.88,4761.8,1761.0,2588.0,5106.0
2007-06-21,806.946,222.546,346427.92,3601.2,932.0,2400.0,3711.0
2007-06-22,566.294,208.526,346803.31,2602.6,0.0,951.0,3482.0
2007-06-23,477.56600000000003,193.12,346059.31,2211.4,0.0,786.0,2402.0
2007-06-24,714.656,179.362,347230.39,3179.0,0.0,791.0,3449.0
2007-06-25,1072.202,197.27,346208.06,4680.0,1985.0,3621.0,4816.0
2007-06-26,944.908,182.42,345736.09,4143.0,971.0,1334.0,5231.0
2007-06-27,1480.826,206.998,345252.11,6378.0,2603.0,6451.0,7270.0
2007-06-28,1295.438,217.446,344770.08,5601.0,0.0,4368.0,9541.0
2007-06-29,1304.442,206.194,345858.46,5674.4,4363.0,667.0,6797.0
2007-06-30,1335.314,188.354,345616.72,5719.0,3049.0,792.0,8376.0
2007-07-01,1026.664,172.448,345696.7,4436.2,969.0,736.0,4690.0
2007-07-02,967.032,176.924,346567.41,4216.0,1018.0,5281.0,3445.0
2007-07-03,1059.912,180.338,345869.19,4652.2,467.0,3214.0,4695.0
2007-07-04,1003.41,253.334,346549.87,4457.4,2329.0,2218.0,5632.0
2007-07-05,1057.29,246.716,346240.0,4655.8,2922.0,770.0,3973.0
2007-07-06,1069.5240000000001,219.35,346463.21,4706.8,2826.0,3563.0,4005.0
2007-07-07,1358.206,214.044,345470.6,5810.2,997.0,3047.0,10177.0
2007-07-08,1089.08,196.92,346088.01,4736.6,1825.0,2831.0,5277.0
2007-07-09,1180.158,172.422,346489.41,5063.4,923.0,594.0,9386.0
2007-07-10,908.324,176.244,345575.6,4012.0,67.0,2227.0,4631.0
2007-07-11,722.352,153.856,347083.25,3167.2,1015.0,647.0,5284.0
2007-07-12,1069.582,209.098,346701.05,4656.4,1029.0,2550.0,6419.0
2007-07-13,794.382,206.694,346830.92,3529.2,0.0,633.0,4427.0
2007-07-14,1288.17,258.45,347460.31,5607.4,3775.0,1968.0,6604.0
2007-07-15,1037.18,294.77,346413.6,4651.4,862.0,632.0,5585.0
2007-07-16,853.674,233.96,340570.42,3831.2,830.0,695.0,4176.0
2007-07-17,719.632,176.088,338027.41,3277.8,848.0,694.0,3335.0
2007-07-18,757.082,156.514,332767.05,3437.0,909.0,671.0,4628.0
2007-07-19,677.886,187.012,337337.08,3087.2,1068.0,703.0,3130.0
2007-07-20,1110.422,223.118,339219.22,4970.4,2111.0,2418.0,4765.0
2007-07-21,1060.248,236.158,337329.54,4739.8,428.0,512.0,7756.0
2007-07-22,1377.26,218.756,339785.36,6089.0,7091.0,2136.0,5573.0
2007-07-23,991.018,143.77,337681.25,4429.4,1747.0,1288.0,3847.0
2007-07-24,825.284,112.81,338922.78,3673.4,0.0,1607.0,5599.0
2007-07-25,472.56,108.234,339323.11,2130.2,0.0,151.0,2333.0
2007-07-26,924.5,115.092,338318.96,4087.0,975.0,3633.0,4346.0
2007-07-27,1202.514,120.456,339197.3,5217.6,1837.0,49.0,7157.0
2007-07-28,1621.862,178.73,339130.42,7116.0,907.0,10265.0,6559.0
2007-07-29,321.116,118.576,339425.33,1488.2,0.0,0.0,1288.0
2007-07-30,466.816,129.492,339163.53,2112.8,0.0,0.0,2528.0
2007-07-31,812.332,145.786,338277.33,3603.6,3277.0,0.0,3575.0
2007-08-01,1064.496,145.16,338444.73,4637.6,1583.0,0.0,9812.0
2007-08-02,1019.416,144.954,338193.49,4445.4,482.0,0.0,6869.0
2007-08-03,1063.364,125.388,337659.27,4618.4,958.0,0.0,9139.0
2007-08-04,1144.99,139.226,338770.4,4971.4,552.0,398.0,7966.0
2007-08-05,787.098,151.254,338565.99,3509.0,169.0,0.0,6647.0
2007-08-06,1089.72,154.434,337971.95,4776.6,1096.0,0.0,7985.0
2007-08-07,1483.58,131.182,337757.59,6373.4,437.0,2168.0,9042.0
2007-08-08,1125.482,119.096,337697.82,4868.0,1055.0,1111.0,9660.0
2007-08-09,1071.68,109.474,337268.72,4712.2,182.0,4515.0,6646.0
2007-08-10,1028.01,117.656,337663.89,4506.8,336.0,2651.0,8287.0
2007-08-11,1091.65,115.77,338371.46,4731.4,1180.0,910.0,10339.0
2007-08-12,1241.904,127.776,339357.39,5389.6,1123.0,1156.0,8582.0
2007-08-13,1153.012,130.94,338711.86,4966.2,93.0,476.0,11101.0
2007-08-14,941.1899999999999,132.01,341390.0,4110.0,951.0,685.0,6256.0
2007-08-15,1191.86,159.764,345590.51,5100.6,338.0,508.0,9787.0
2007-08-16,958.496,131.532,345222.23,4095.2,962.0,0.0,7476.0
2007-08-17,1009.8919999999999,127.388,346311.43,4293.4,244.0,0.0,7769.0
2007-08-18,347.96,119.24,347442.67,1553.6,0.0,0.0,1830.0
2007-08-19,1422.294,160.018,345533.28,6137.2,1025.0,8912.0,5989.0
2007-08-20,1338.842,155.88,347473.0,5707.2,1032.0,6965.0,7383.0
2007-08-21,642.556,157.308,346425.2,2824.0,0.0,38.0,3296.0
2007-08-22,1209.808,154.288,346776.94,5142.6,3048.0,1836.0,7241.0
2007-08-23,1112.312,157.954,346532.12,4795.6,2502.0,259.0,5342.0
2007-08-24,1656.504,262.812,346312.51,7108.0,1891.0,3784.0,9944.0
2007-08-25,1150.88,272.548,345398.15,5117.4,4149.0,2191.0,5678.0
2007-08-26,1314.906,299.388,345529.32,5778.2,1541.0,3645.0,5658.0
2007-08-27,1211.73,299.084,345489.96,5315.4,2305.0,1229.0,6344.0
2007-08-28,997.004,181.114,344951.82,4314.4,1038.0,2468.0,5483.0
2007-08-29,747.992,175.426,346672.79,3282.6,957.0,562.0,4932.0
2007-08-30,1202.458,191.048,346425.37,5190.2,3822.0,2580.0,4221.0
2007-08-31,1279.822,187.256,345579.41,5455.4,1200.0,666.0,8738.0
2007-09-01,1701.486,289.846,344672.27,7294.2,2497.0,569.0,9733.0
2007-09-02,1662.468,231.598,345665.28,7224.8,3613.0,1617.0,8806.0
2007-09-03,1038.922,188.422,345053.3,4508.2,621.0,2515.0,5323.0
2007-09-04,1584.944,179.626,345109.92,6848.6,2928.0,3501.0,9821.0
2007-09-05,1236.572,148.864,344373.35,5324.6,0.0,4144.0,6705.0
2007-09-06,901.474,172.026,344649.67,3963.2,0.0,3888.0,3461.0
2007-09-07,1336.496,181.738,344205.65,5770.4,3632.0,551.0,9388.0
2007-09-08,1469.752,186.33,345211.84,6324.4,3339.0,1801.0,9164.0
2007-09-09,1679.502,209.152,344047.89,7277.8,2184.0,4438.0,9233.0
2007-09-10,1117.376,177.498,344719.67,4843.8,935.0,595.0,5613.0
2007-09-11,983.572,151.764,345703.67,4251.0,943.0,550.0,5792.0
2007-09-12,1287.764,171.794,345621.68,5558.4,0.0,3217.0,7755.0
2007-09-13,1146.382,165.958,344606.16,4988.8,1175.0,2523.0,3853.0
2007-09-14,1135.47,183.126,344594.73,4960.4,901.0,676.0,5804.0
2007-09-15,1095.312,184.466,345602.84,4720.6,0.0,1449.0,6464.0
2007-09-16,1652.224,192.352,344967.07,7151.4,3118.0,3064.0,9310.0
2007-09-17,1461.186,202.314,344469.31,6355.4,6651.0,926.0,6279.0
2007-09-18,1167.52,147.132,343095.37,5058.4,1888.0,2029.0,5425.0
2007-09-19,1298.684,151.794,346039.5,5592.0,0.0,2743.0,7937.0
2007-09-20,1255.532,132.908,345189.58,5358.2,1056.0,489.0,9996.0
2007-09-21,1238.78,152.834,344709.31,5375.0,3130.0,2745.0,6316.0
2007-09-22,1176.172,183.432,344855.57,5061.8,944.0,1311.0,7688.0
2007-09-23,1417.97,242.974,344880.62,6163.2,2831.0,1929.0,7382.0
2007-09-24,1354.53,197.624,343584.87,5873.4,929.0,3935.0,7955.0
2007-09-25,1764.342,130.078,342863.44,7497.2,916.0,2253.0,9820.0
2007-09-26,1829.532,169.228,344764.49,7763.0,1058.0,9417.0,5695.0
2007-09-27,1392.6,150.71,344976.56,5872.0,1066.0,643.0,7324.0
2007-09-28,1680.498,222.718,344825.9,7191.6,996.0,3722.0,9952.0
2007-09-29,2296.522,182.122,344361.76,9782.2,4085.0,7457.0,8190.0
2007-09-30,1516.29,163.588,345693.29,6411.6,1405.0,582.0,10225.0
2007-10-01,1720.922,146.734,344505.48,7306.2,1507.0,6622.0,5960.0
2007-10-02,2198.864,161.828,343431.06,9322.6,508.0,8022.0,12815.0
2007-10-03,1280.454,157.738,344535.94,5472.0,979.0,5024.0,3692.0
2007-10-04,1518.458,138.448,344455.31,6414.6,2400.0,444.0,9710.0
2007-10-05,1394.092,150.636,343911.04,5889.2,0.0,351.0,9425.0
2007-10-06,1756.24,186.192,343268.23,7441.4,4840.0,347.0,9666.0
2007-10-07,2106.114,153.178,343909.84,8939.4,2498.0,8255.0,10886.0
2007-10-08,1095.242,121.896,344299.03,4652.8,0.0,420.0,5082.0
2007-10-09,1687.858,159.802,343985.97,7174.6,2034.0,2147.0,9290.0
2007-10-10,1166.972,132.752,344766.47,5023.6,1863.0,2117.0,3345.0
2007-10-11,1732.446,153.108,343359.58,7357.0,2630.0,414.0,7806.0
2007-10-12,1914.504,137.984,343413.09,8160.6,1020.0,5028.0,11659.0
2007-10-13,1926.728,125.204,343822.19,8209.0,969.0,3799.0,8463.0
2007-10-14,2061.252,150.05,344305.49,8753.4,2930.0,7494.0,7126.0
2007-10-15,1266.33,118.182,344581.5,5359.6,1061.0,339.0,7654.0
2007-10-16,1964.442,185.414,343962.17,8385.4,0.0,7871.0,9876.0
2007-10-17,1576.93,136.4,344436.67,6677.2,1065.0,453.0,8968.0
2007-10-18,1518.53,122.5,345312.41,6384.6,1162.0,317.0,9864.0
2007-10-19,2085.648,121.478,345099.13,8788.6,1299.0,3124.0,11648.0
2007-10-20,1660.246,139.544,348227.74,6933.2,2363.0,296.0,13225.0
2007-10-21,1941.94,154.028,347746.67,8210.4,3712.0,4357.0,7313.0
2007-10-22,1652.896,116.41,346385.38,6920.4,0.0,299.0,13027.0
2007-10-23,1958.404,128.3,347374.51,8229.6,1067.0,5186.0,10680.0
2007-10-24,1865.636,146.782,346763.91,7881.4,4459.0,364.0,9115.0
2007-10-25,1853.918,132.2,346280.59,7795.6,1478.0,2433.0,7385.0
2007-10-26,1437.568,109.676,346580.43,6286.8,0.0,348.0,5766.0
2007-10-27,1785.688,109.186,345889.74,7645.2,1374.0,4856.0,8949.0
2007-10-28,512.158,92.298,346847.12,2138.8,0.0,283.0,1765.0
2007-10-29,545.428,86.998,347318.36,2267.2,0.0,269.0,2749.0
2007-10-30,811.008,89.84,346501.33,3386.0,0.0,1935.0,4256.0
2007-10-31,1283.21,107.2,346088.13,5389.0,0.0,4700.0,8915.0
2007-11-01,496.216,85.046,346951.3,2067.8,0.0,293.0,1991.0
2007-11-02,1443.602,93.362,344662.54,6051.8,1346.0,2115.0,12245.0
2007-11-03,492.55,88.124,345874.33,2065.4,0.0,282.0,1936.0
2007-11-04,1485.686,138.802,345895.95,6313.0,0.0,4387.0,7068.0
2007-11-05,1500.592,131.35,345109.12,6330.6,1265.0,397.0,6583.0
2007-11-06,2082.378,200.526,343730.82,8855.8,1105.0,5515.0,10690.0
2007-11-07,1844.758,193.52,344973.47,7892.8,5042.0,301.0,6374.0
2007-11-08,1501.06,134.698,346683.81,6386.4,1715.0,314.0,6500.0
2007-11-09,2171.226,113.242,343750.23,9168.8,0.0,4573.0,15375.0
2007-11-10,2611.6,237.652,344318.99,11098.0,3697.0,304.0,13767.0
2007-11-11,1887.124,185.61,345974.78,7978.4,3445.0,320.0,6024.0
2007-11-12,2156.146,137.468,345348.85,9031.6,1018.0,4165.0,13281.0
2007-11-13,2214.398,140.952,347217.09,9293.0,978.0,4933.0,11076.0
2007-11-14,2047.994,141.59,345522.28,8554.6,1055.0,295.0,16345.0
2007-11-15,1491.988,133.066,345578.39,6330.8,1606.0,571.0,7503.0
2007-11-16,2309.754,123.978,347016.26,9674.0,1991.0,4660.0,13564.0
2007-11-17,2610.094,168.03,346468.93,10942.4,2588.0,2199.0,14990.0
2007-11-18,2183.858,161.762,348855.06,9140.6,5201.0,2097.0,7066.0
2007-11-19,1723.654,112.03,349583.55,7209.0,1089.0,253.0,10750.0
2007-11-20,2095.856,124.832,347527.91,8770.2,1015.0,3954.0,11026.0
2007-11-21,1755.212,131.612,347752.97,7374.4,1141.0,549.0,9473.0
2007-11-22,1932.378,143.108,347853.67,8145.0,2867.0,297.0,9001.0
2007-11-23,2522.618,138.912,346640.21,10570.6,2168.0,6181.0,13685.0
2007-11-24,1899.054,150.512,348195.95,7938.2,1573.0,4131.0,13451.0
2007-11-25,1395.598,122.776,349432.07,5884.8,3556.0,279.0,5678.0
2007-11-26,1569.716,117.05,347207.75,6626.0,1088.0,288.0,8926.0
2007-11-27,2801.012,139.994,347502.38,11745.0,1063.0,11020.0,15111.0
2007-11-28,1644.94,115.44200000000001,349768.52,6876.8,1182.0,769.0,7810.0
2007-11-29,1719.452,118.71,349534.57,7222.6,2031.0,283.0,8818.0
2007-11-30,2331.728,147.28,350622.36,9730.4,0.0,7941.0,13601.0
2007-12-01,3134.942,288.892,345983.16,13235.8,9356.0,353.0,17847.0
2007-12-02,2946.188,325.082,346651.21,12410.8,2090.0,6915.0,10636.0
2007-12-03,1762.06,131.914,347154.61,7438.4,1141.0,299.0,10428.0
2007-12-04,2067.636,145.016,347811.81,8705.0,1012.0,5828.0,8561.0
2007-12-05,2153.12,178.398,347368.15,9141.4,3422.0,295.0,10919.0
2007-12-06,2487.934,161.936,345182.54,10566.6,4751.0,318.0,11908.0
2007-12-07,1769.016,147.64,346566.31,7427.4,459.0,3710.0,10263.0
2007-12-08,2213.404,154.34,344966.3,9371.6,1133.0,2354.0,12283.0
2007-12-09,2274.584,200.936,345477.71,9650.2,4176.0,2428.0,8728.0
2007-12-10,1758.754,125.012,348341.52,7451.4,1102.0,278.0,8281.0
2007-12-11,2305.104,133.698,347702.74,9665.6,1050.0,3817.0,12740.0
2007-12-12,1588.062,116.886,349165.91,6611.2,1152.0,254.0,7759.0
2007-12-13,1847.746,111.49,348231.37,7804.2,1103.0,1448.0,8911.0
2007-12-14,1974.808,179.55,348459.73,8291.2,980.0,3849.0,12941.0
2007-12-15,2736.876,157.626,347444.13,11491.2,1706.0,3687.0,14313.0
2007-12-16,2762.218,126.938,349466.38,11508.8,3410.0,2281.0,12929.0
2007-12-17,1798.422,105.194,349381.05,7473.2,1636.0,243.0,10567.0
2007-12-18,2623.194,144.08,349833.58,10947.0,1123.0,5810.0,11093.0
2007-12-19,2196.052,109.336,349489.58,9121.6,1233.0,2658.0,11679.0
2007-12-20,1949.758,119.434,350161.83,8083.2,1859.0,276.0,13592.0
2007-12-21,1982.576,106.47,349749.55,8227.8,1191.0,200.0,12251.0
2007-12-22,2611.264,141.314,348689.57,10934.6,3819.0,4550.0,12673.0
2007-12-23,2409.048,176.272,349283.43,10055.2,1971.0,3091.0,11962.0
2007-12-24,2257.848,149.754,349416.61,9431.6,2985.0,2316.0,14350.0
2007-12-25,2694.968,151.812,349892.45,11219.0,4588.0,3368.0,9084.0
2007-12-26,2580.28,140.314,349045.05,10693.6,1109.0,2773.0,9480.0
2007-12-27,2532.198,190.582,348640.72,10650.0,4122.0,1490.0,7960.0
2007-12-28,3113.052,206.8,348889.65,13004.0,1980.0,8554.0,15823.0
2007-12-29,3298.956,199.892,346392.96,13766.4,4836.0,2434.0,14906.0
2007-12-30,2558.916,178.436,348622.81,10750.6,3595.0,3597.0,13485.0
2007-12-31,2216.542,145.536,347176.5,9295.2,0.0,3457.0,14071.0
2008-01-01,2759.738,142.508,347092.81,11489.2,2461.0,2739.0,12355.0
2008-01-02,1644.106,111.666,349081.13,6869.4,0.0,3094.0,8987.0
2008-01-03,1510.108,121.182,350031.54,6338.4,1130.0,846.0,6671.0
2008-01-04,2291.852,136.706,347433.67,9669.8,1241.0,5326.0,11752.0
2008-01-05,2183.248,129.464,343905.04,9283.4,2113.0,286.0,14591.0
2008-01-06,1825.184,116.958,344746.5,7761.8,1966.0,2445.0,7824.0
2008-01-07,1695.814,116.172,346671.27,7078.0,1288.0,282.0,10294.0
2008-01-08,2043.55,127.452,346783.4,8625.6,2197.0,3511.0,9793.0
2008-01-09,1788.44,125.336,347412.44,7534.0,1162.0,284.0,8963.0
2008-01-10,1894.076,120.504,346762.28,8056.2,1307.0,285.0,9992.0
2008-01-11,1705.818,95.484,346190.47,7147.4,1261.0,290.0,7997.0
2008-01-12,2871.408,162.724,345542.66,12274.4,5594.0,2621.0,11116.0
2008-01-13,2886.11,144.786,345235.72,12177.8,6505.0,341.0,9379.0
2008-01-14,2024.932,120.11,346030.57,8661.0,5918.0,339.0,9738.0
2008-01-15,2686.912,113.144,346621.66,11363.4,782.0,6883.0,14512.0
2008-01-16,2135.852,128.93,346207.89,9100.2,1162.0,3430.0,9391.0
2008-01-17,1572.282,116.718,347944.31,6688.8,1007.0,350.0,8657.0
2008-01-18,2186.988,119.29,345503.42,9262.4,1034.0,846.0,14983.0
2008-01-19,1980.306,134.982,345032.53,8393.6,2521.0,6054.0,8015.0
2008-01-20,1740.368,138.614,345520.14,7414.4,1775.0,380.0,4940.0
2008-01-21,1858.998,122.4,344973.24,7947.4,0.0,376.0,10447.0
2008-01-22,2325.018,143.462,345736.48,9977.4,4670.0,7640.0,7552.0
2008-01-23,1882.308,107.984,346906.15,7949.2,1116.0,387.0,13359.0
2008-01-24,1645.022,104.306,346722.09,7038.6,1107.0,320.0,5935.0
2008-01-25,2239.856,119.626,346615.84,9423.4,0.0,2421.0,11409.0
2008-01-26,2834.988,168.422,345254.7,12048.0,4925.0,311.0,15606.0
2008-01-27,2381.766,140.758,347477.29,10058.2,3725.0,3818.0,7367.0
2008-01-28,2308.196,107.836,346272.16,9748.2,1142.0,280.0,12792.0
2008-01-29,2676.024,117.176,346497.27,11292.8,1487.0,6199.0,11077.0
2008-01-30,1640.646,116.47,347925.1,6950.0,0.0,261.0,7261.0
2008-01-31,1953.922,137.576,348315.48,8342.4,1165.0,267.0,9437.0
2008-02-01,1534.652,179.25,346118.79,6505.4,336.0,280.0,7241.0
2008-02-02,2940.438,231.426,346016.41,12465.0,6286.0,2764.0,15206.0
2008-02-03,2084.568,153.708,346090.64,8835.4,2319.0,4435.0,8452.0
2008-02-04,1628.138,104.034,345967.5,6879.2,1161.0,252.0,9531.0
2008-02-05,2472.456,152.786,347006.76,10383.2,1098.0,7803.0,13717.0
2008-02-06,1669.54,114.26,343315.75,7104.4,2114.0,356.0,8428.0
2008-02-07,1518.31,108.706,347141.59,6392.6,0.0,295.0,8089.0
2008-02-08,1950.564,119.094,346223.69,8276.0,940.0,1921.0,9563.0
2008-02-09,2102.276,144.528,348140.89,8769.6,2050.0,2838.0,10293.0
2008-02-10,2184.714,151.736,347436.29,9211.4,2562.0,2955.0,10128.0
2008-02-11,1692.016,102.246,348036.76,7101.8,1018.0,297.0,8930.0
2008-02-12,1987.798,130.946,344893.18,8419.8,2009.0,1856.0,12138.0
2008-02-13,1900.498,128.478,347332.46,8035.4,2530.0,3615.0,7568.0
2008-02-14,1604.622,113.646,346701.34,6744.6,1300.0,291.0,9299.0
2008-02-15,2005.208,107.952,348322.47,8325.0,1109.0,1723.0,13417.0
2008-02-16,2346.948,138.994,347166.08,9927.2,1076.0,2360.0,11599.0
2008-02-17,1933.368,120.07600000000001,349156.56,8142.4,3182.0,2257.0,6049.0
2008-02-18,1514.404,101.972,348572.06,6301.8,0.0,251.0,10345.0
2008-02-19,2126.916,137.568,347054.59,8956.4,1881.0,4711.0,11200.0
2008-02-20,2253.79,190.268,348004.35,9516.0,3655.0,5516.0,7704.0
2008-02-21,1633.85,112.274,346680.56,6895.4,0.0,307.0,8523.0
2008-02-22,1732.564,121.688,347667.5,7279.6,1167.0,1985.0,10101.0
2008-02-23,1836.474,132.504,345122.86,7792.2,1684.0,2250.0,10074.0
2008-02-24,1263.008,107.332,346144.03,5240.0,754.0,332.0,11447.0
2008-02-25,504.488,91.72,345277.45,2096.0,0.0,321.0,1856.0
2008-02-26,507.12,84.59,344927.99,2101.0,0.0,295.0,2013.0
2008-02-27,566.72,86.168,344957.79,2353.2,0.0,326.0,2969.0
2008-02-28,509.18399999999997,83.248,345318.15,2112.4,0.0,281.0,2028.0
2008-02-29,1333.348,88.948,342775.43,5576.6,0.0,3773.0,8062.0
2008-03-01,1141.876,105.158,344781.38,4719.8,0.0,1287.0,2724.0
2008-03-02,1162.226,144.71,345234.59,4932.0,0.0,5244.0,2565.0
2008-03-03,1040.55,114.334,346106.86,4287.6,0.0,2207.0,1755.0
2008-03-04,1668.99,108.958,347078.04,7009.4,1249.0,2443.0,9415.0
2008-03-05,2037.208,140.898,347133.95,8598.0,1145.0,9797.0,5529.0
2008-03-06,2503.208,106.184,346218.09,10389.0,1082.0,372.0,6965.0
2008-03-07,1862.956,129.392,346775.14,7836.0,1235.0,3471.0,9033.0
2008-03-08,2248.66,237.08,347890.97,9487.2,6286.0,346.0,8435.0
2008-03-09,1560.458,135.574,346674.79,6611.2,2607.0,333.0,4155.0
2008-03-10,1618.686,127.124,348087.38,6786.0,2009.0,368.0,8660.0
2008-03-11,2200.042,151.1,346210.78,9312.4,1271.0,3901.0,12936.0
2008-03-12,1774.232,138.194,347122.38,7448.0,1120.0,2374.0,11042.0
2008-03-13,1675.514,128.474,346755.78,7116.0,3263.0,3590.0,5464.0
2008-03-14,2210.22,159.748,346503.41,9282.6,980.0,3881.0,14476.0
2008-03-15,1576.3,154.412,345885.11,6697.0,2550.0,502.0,5910.0
2008-03-16,1801.96,173.652,347464.32,7629.6,2394.0,566.0,11286.0
2008-03-17,1706.9180000000001,175.274,346759.53,7210.0,236.0,6651.0,9346.0
2008-03-18,1917.566,147.44,348377.74,8023.6,1156.0,4019.0,12544.0
2008-03-19,1308.448,142.498,349059.19,5508.8,2110.0,411.0,6154.0
2008-03-20,1253.2740000000001,120.854,348138.12,5269.8,1107.0,478.0,6670.0
2008-03-21,2066.442,223.824,347572.67,8695.0,2171.0,4778.0,13275.0
2008-03-22,2053.516,185.68,347921.5,8669.2,3322.0,588.0,12405.0
2008-03-23,2325.99,152.446,349419.78,9778.4,6279.0,2112.0,13878.0
2008-03-24,1976.272,131.13,349496.3,8292.4,1131.0,5989.0,7026.0
2008-03-25,2015.856,127.832,348679.03,8453.6,2246.0,3677.0,13494.0
2008-03-26,1633.472,133.598,349646.11,6858.8,2547.0,3831.0,7547.0
2008-03-27,1370.8220000000001,116.44,348617.58,5703.6,0.0,356.0,9022.0
2008-03-28,1885.424,137.64,348945.61,7889.8,2325.0,3605.0,11581.0
2008-03-29,2471.15,175.068,347405.11,10381.4,5153.0,375.0,17240.0
2008-03-30,2146.392,175.97,347275.81,9039.6,5045.0,1315.0,9769.0
2008-03-31,1377.57,130.86,349526.94,5768.6,1091.0,411.0,9387.0
2008-04-01,2129.052,170.396,347926.76,8931.6,1079.0,6657.0,14515.0
2008-04-02,1691.672,142.54,343680.71,7211.0,1106.0,3674.0,7989.0
2008-04-03,1128.756,121.236,346599.71,4724.4,0.0,422.0,6901.0
2008-04-04,1631.918,125.306,347516.72,6806.0,2133.0,775.0,13246.0
2008-04-05,1970.762,203.684,346403.56,8330.2,2929.0,874.0,13644.0
2008-04-06,1696.318,150.572,347255.43,7122.8,1124.0,2615.0,7552.0
2008-04-07,1538.838,141.28,350248.79,6457.2,2420.0,672.0,9466.0
2008-04-08,2657.516,184.176,348575.88,11087.2,2752.0,10713.0,17519.0
2008-04-09,1218.852,132.864,348937.5,5073.0,0.0,376.0,9003.0
2008-04-10,1477.746,163.68,348406.63,6199.8,3261.0,457.0,6527.0
2008-04-11,1877.664,143.89,346692.06,7851.8,1802.0,491.0,14522.0
2008-04-12,2800.014,392.272,347130.97,11834.2,7076.0,2499.0,15225.0
2008-04-13,2232.986,213.514,346209.59,9434.6,2554.0,5942.0,13007.0
2008-04-14,1589.5819999999999,154.958,348932.24,6630.2,0.0,425.0,11197.0
2008-04-15,1670.406,178.782,347383.79,7069.8,1174.0,3998.0,9874.0
2008-04-16,1489.064,125.904,348111.92,6215.2,838.0,403.0,11322.0
2008-04-17,1395.862,145.878,347621.18,5910.2,1719.0,417.0,8638.0
2008-04-18,1862.39,184.646,346523.87,7859.0,2174.0,3832.0,10921.0
2008-04-19,2253.71,245.284,347246.18,9556.0,4319.0,2457.0,14722.0
2008-04-20,1791.418,227.854,347663.34,7575.2,1030.0,4544.0,10401.0
2008-04-21,1164.156,175.4,348469.19,4902.0,0.0,2673.0,6788.0
2008-04-22,1627.676,193.15,346981.99,6872.4,971.0,5093.0,10603.0
2008-04-23,1357.328,189.502,347776.33,5713.2,1380.0,492.0,8406.0
2008-04-24,1043.772,171.924,346471.67,4403.6,1263.0,522.0,5296.0
2008-04-25,1267.734,162.224,347050.3,5328.0,824.0,2004.0,9400.0
2008-04-26,903.166,168.696,346741.29,3793.0,0.0,634.0,3586.0
2008-04-27,1008.24,198.118,346906.49,4267.8,693.0,588.0,5488.0
2008-04-28,659.052,167.118,347008.98,2809.0,0.0,621.0,2786.0
2008-04-29,1972.616,215.356,346617.94,8309.8,1402.0,5411.0,10481.0
2008-04-30,1101.7259999999999,171.556,347664.45,4634.8,1057.0,590.0,6653.0
2008-05-01,576.014,150.696,347682.62,2451.4,0.0,530.0,2586.0
2008-05-02,1497.768,205.568,347974.48,6304.0,3114.0,584.0,8687.0
2008-05-03,1289.6,202.004,346800.51,5473.4,996.0,541.0,6535.0
2008-05-04,1470.97,209.422,347587.89,6282.0,2196.0,2872.0,5464.0
2008-05-05,1366.932,185.75,346661.07,5756.8,1008.0,378.0,10197.0
2008-05-06,1789.98,199.596,346018.06,7554.2,1354.0,5410.0,12200.0
2008-05-07,1176.264,190.956,347157.02,4978.8,1030.0,423.0,6649.0
2008-05-08,2116.698,253.244,345385.86,8897.0,3667.0,702.0,12717.0
2008-05-09,1747.272,229.874,346278.56,7396.0,2229.0,423.0,11904.0
2008-05-10,1909.128,289.814,345724.17,8116.4,6950.0,612.0,11714.0
2008-05-11,1610.92,275.702,346299.26,6918.0,563.0,1340.0,6930.0
2008-05-12,1524.204,229.14,347099.94,6508.0,2082.0,1085.0,11959.0
2008-05-13,1476.894,236.468,346138.65,6324.2,823.0,4089.0,8370.0
2008-05-14,1584.262,277.374,346620.26,6787.2,2467.0,3436.0,9716.0
2008-05-15,1162.768,237.724,346104.57,5071.8,868.0,570.0,6820.0
2008-05-16,1651.126,235.398,345046.55,7091.4,2228.0,2569.0,8957.0
2008-05-17,1657.454,275.896,344840.92,7130.2,2158.0,935.0,12472.0
2008-05-18,1803.958,254.492,345143.07,7789.6,1775.0,5355.0,8626.0
2008-05-19,1030.262,175.736,346221.9,4420.0,1014.0,558.0,7503.0
2008-05-20,1581.334,184.082,347068.23,6742.4,1352.0,2431.0,11977.0
2008-05-21,1324.112,190.326,346695.14,5640.0,1989.0,474.0,9251.0
2008-05-22,976.868,169.816,344880.28,4256.6,996.0,440.0,6475.0
2008-05-23,1484.916,178.958,344878.35,6276.4,0.0,1390.0,14734.0
2008-05-24,1580.176,285.55,346643.86,6723.4,1027.0,569.0,12833.0
2008-05-25,2048.504,290.416,345521.73,8836.6,4307.0,8811.0,6016.0
2008-05-26,1289.71,220.698,346123.71,5658.8,985.0,666.0,9284.0
2008-05-27,1708.7,207.466,344722.85,7354.6,0.0,5352.0,11478.0
2008-05-28,1114.372,235.644,347504.68,4824.8,3138.0,512.0,6709.0
2008-05-29,1135.076,186.832,342252.23,5005.0,1004.0,507.0,8703.0
2008-05-30,1397.244,182.218,346397.32,6052.2,0.0,3019.0,11298.0
2008-05-31,1641.47,249.924,346542.05,7089.2,1764.0,2328.0,11858.0
2008-06-01,1848.876,225.34,346497.38,7809.4,1906.0,545.0,11307.0
2008-06-02,1074.012,165.158,340372.62,4634.0,960.0,558.0,6341.0
2008-06-03,1597.816,173.938,337179.18,6975.6,2897.0,2608.0,9265.0
2008-06-04,1588.912,152.404,337977.32,6952.0,1550.0,7682.0,6508.0
2008-06-05,1120.078,153.106,338635.91,4892.6,1747.0,506.0,8781.0
2008-06-06,1217.714,174.52,345192.39,5287.8,1009.0,506.0,7871.0
2008-06-07,1882.484,186.414,344137.6,7966.0,2379.0,2611.0,14593.0
2008-06-08,1542.322,188.384,345549.51,6618.4,2536.0,3161.0,9732.0
2008-06-09,1325.698,183.64,344785.94,5817.2,1967.0,2085.0,7921.0
2008-06-10,1067.09,216.018,345568.39,4615.0,907.0,585.0,8992.0
2008-06-11,1123.206,214.372,345822.44,4879.4,977.0,842.0,7566.0
2008-06-12,1259.332,189.292,345153.63,5471.0,1951.0,567.0,7246.0
2008-06-13,1875.1,281.936,343999.44,8070.4,2809.0,7358.0,10531.0
2008-06-14,1384.92,344.28000000000003,345620.87,6059.2,1862.0,1011.0,10681.0
2008-06-15,2289.102,281.00600000000003,344813.37,9754.0,6471.0,6802.0,11589.0
2008-06-16,1303.044,204.382,346224.19,5622.8,1980.0,464.0,10012.0
2008-06-17,1145.084,175.464,346110.38,4945.8,1080.0,432.0,10094.0
2008-06-18,1893.608,272.724,345225.41,8224.4,7549.0,3040.0,12687.0
2008-06-19,1588.0819999999999,189.418,344552.67,6822.6,3411.0,1514.0,10911.0
2008-06-20,1676.104,227.42,345512.43,7211.8,2948.0,2935.0,12417.0
2008-06-21,1734.254,239.028,344827.31,7393.2,940.0,5823.0,12828.0
2008-06-22,1566.416,294.144,344223.53,6730.6,4705.0,1175.0,10652.0
2008-06-23,1251.796,210.956,344070.22,5460.4,2600.0,581.0,10124.0
2008-06-24,1754.452,253.022,342598.16,7577.6,2779.0,3489.0,14271.0
2008-06-25,1261.77,290.626,344008.66,5631.8,2773.0,569.0,9402.0
2008-06-26,1056.02,217.414,344666.02,4624.0,921.0,572.0,8971.0
2008-06-27,1755.152,262.008,344066.38,7540.8,4159.0,2372.0,10163.0
2008-06-28,1208.8,210.954,344365.03,5307.8,0.0,2000.0,7932.0
2008-06-29,749.352,183.664,345831.33,3356.8,955.0,535.0,3896.0
2008-06-30,804.196,189.526,346141.61,3570.0,0.0,521.0,6819.0
2008-07-01,1215.24,277.788,344938.02,5385.6,3465.0,587.0,8390.0
2008-07-02,1147.202,266.538,344105.25,5140.2,962.0,650.0,7002.0
2008-07-03,1098.36,213.748,345075.11,4814.2,958.0,2569.0,7410.0
2008-07-04,942.02,188.132,345858.7,4072.8,0.0,589.0,8302.0
2008-07-05,1469.088,224.78,344973.27,6316.6,1875.0,6754.0,8365.0
2008-07-06,1805.064,253.582,346449.93,7717.6,4258.0,5230.0,7536.0
2008-07-07,983.39,202.81,345072.55,4274.8,2171.0,592.0,7149.0
2008-07-08,1126.214,196.318,345168.9,4854.8,991.0,503.0,7592.0
2008-07-09,919.318,191.724,346074.59,3996.4,951.0,499.0,7352.0
2008-07-10,1251.276,240.242,345409.57,5390.6,982.0,552.0,8186.0
2008-07-11,1254.216,251.036,344904.35,5446.4,724.0,558.0,9251.0
2008-07-12,1328.852,266.124,345685.36,5832.6,4436.0,2617.0,7231.0
2008-07-13,1254.634,166.908,346017.15,5424.0,1671.0,3164.0,7056.0
2008-07-14,1137.926,209.668,346311.63,4941.6,2564.0,1995.0,6436.0
2008-07-15,1155.86,190.936,345285.28,4947.4,968.0,552.0,8585.0
2008-07-16,1077.062,206.462,346454.47,4661.0,1537.0,2799.0,4978.0
2008-07-17,1319.122,239.506,345480.53,5798.4,1122.0,723.0,8280.0
2008-07-18,1261.584,195.606,344991.15,5381.2,1143.0,552.0,9260.0
2008-07-19,1344.014,208.03,344377.61,5788.4,2941.0,3146.0,7676.0
2008-07-20,941.534,172.576,345279.88,4084.4,1943.0,1076.0,5457.0
2008-07-21,1156.478,172.45,344306.44,5014.2,1698.0,431.0,9189.0
2008-07-22,740.242,161.12800000000001,345125.24,3272.6,0.0,430.0,4886.0
2008-07-23,942.63,162.392,345738.41,4103.2,1233.0,454.0,6325.0
2008-07-24,1093.45,185.882,345432.62,4639.0,837.0,476.0,8344.0
2008-07-25,865.534,182.714,344242.39,3770.4,1168.0,492.0,6731.0
2008-07-26,815.684,213.318,345641.32,3592.0,0.0,948.0,6243.0
2008-07-27,1147.396,233.138,343398.47,5058.0,1063.0,858.0,8385.0
2008-07-28,825.804,198.514,345590.92,3707.0,0.0,509.0,5963.0
2008-07-29,1166.558,208.384,345958.39,5242.8,1571.0,530.0,5802.0
2008-07-30,1299.908,227.536,344283.25,5853.8,2548.0,773.0,6278.0
2008-07-31,1392.638,243.476,345737.77,6093.8,1533.0,2808.0,7588.0
2008-08-01,739.576,252.704,345319.83,3352.2,586.0,1150.0,5091.0
2008-08-02,505.776,178.294,344345.37,2286.6,0.0,504.0,3803.0
2008-08-03,504.782,166.052,341358.39,2270.4,0.0,499.0,3926.0
2008-08-04,1126.528,193.822,342523.11,4920.2,596.0,4677.0,4411.0
2008-08-05,827.118,180.248,343780.5,3608.6,635.0,509.0,7118.0
2008-08-06,326.112,214.504,346414.79,1570.2,0.0,513.0,2215.0
2008-08-07,334.884,214.94,344609.75,1613.8,0.0,526.0,2357.0
2008-08-08,302.2,196.448,344817.42,1448.0,0.0,481.0,1980.0
2008-08-09,358.924,199.99,346623.06,1670.8,0.0,489.0,1902.0
2008-08-10,352.032,189.106,345981.44,1616.4,0.0,464.0,1905.0
2008-08-11,371.916,187.62,346634.39,1685.8,0.0,489.0,1880.0
2008-08-12,288.984,187.042,345669.53,1373.0,0.0,462.0,1844.0
2008-08-13,282.584,183.836,346854.98,1341.4,0.0,451.0,1789.0
2008-08-14,270.258,177.966,347242.87,1274.4,0.0,441.0,1641.0
2008-08-15,273.654,178.178,347267.76,1290.2,0.0,439.0,1691.0
2008-08-16,274.814,181.678,348617.3,1295.2,0.0,442.0,1688.0
2008-08-17,274.796,179.516,347304.17,1292.8,0.0,445.0,1710.0
2008-08-18,273.758,178.098,347552.41,1287.8,0.0,440.0,1719.0
2008-08-19,274.692,180.622,346888.42,1300.8,0.0,442.0,1697.0
2008-08-20,268.472,178.064,347822.94,1272.0,0.0,437.0,1626.0
2008-08-21,261.298,168.972,346025.76,1223.6,0.0,432.0,1577.0
2008-08-22,267.124,174.654,346870.43,1255.8,0.0,438.0,1614.0
2008-08-23,254.642,169.422,348685.43,1196.4,0.0,419.0,1485.0
2008-08-24,254.716,163.91,347923.32,1190.0,0.0,404.0,1523.0
2008-08-25,250.298,163.87,347722.52,1164.0,0.0,422.0,1436.0
2008-08-26,257.564,166.566,347212.15,1205.6,0.0,420.0,1533.0
2008-08-27,258.114,165.872,346430.11,1199.8,0.0,399.0,1539.0
2008-08-28,268.246,174.098,346381.42,1260.0,0.0,432.0,1631.0
2008-08-29,267.588,171.186,346083.05,1260.0,0.0,430.0,1599.0
2008-08-30,270.424,177.552,346340.15,1276.2,0.0,435.0,1619.0
2008-08-31,1502.532,210.418,345626.0,6412.0,2056.0,3733.0,12136.0
2008-09-01,1247.51,184.486,345478.91,5374.8,950.0,521.0,10183.0
2008-09-02,1384.154,224.634,344633.71,5963.8,4273.0,1206.0,6648.0
2008-09-03,1388.486,179.288,345642.42,5930.8,1326.0,1902.0,10213.0
2008-09-04,1225.22,151.87199999999999,343675.43,5262.8,2225.0,404.0,9408.0
2008-09-05,873.96,147.236,345010.45,3752.0,379.0,431.0,6943.0
2008-09-06,1868.574,238.292,344649.28,7955.2,2948.0,6500.0,13400.0
2008-09-07,1372.656,176.444,346447.71,5876.4,3612.0,1707.0,5976.0
2008-09-08,1309.324,160.574,347589.83,5548.8,747.0,2293.0,9559.0
2008-09-09,1159.654,180.67,345285.6,4988.8,236.0,453.0,7728.0
2008-09-10,1300.764,166.43,344852.04,5554.8,1009.0,399.0,10281.0
2008-09-11,1028.714,192.038,344303.72,4435.6,1005.0,417.0,7644.0
2008-09-12,1392.762,178.298,345554.37,5968.2,1867.0,402.0,8738.0
2008-09-13,1631.436,186.192,345779.35,6941.0,930.0,5433.0,11807.0
2008-09-14,1576.326,193.746,345440.14,6818.4,4673.0,445.0,6538.0
2008-09-15,1697.708,136.118,345968.51,7303.4,960.0,364.0,10322.0
2008-09-16,1221.862,156.06,346966.2,5211.8,0.0,368.0,8249.0
2008-09-17,1519.21,177.168,346545.61,6465.2,1910.0,3727.0,9371.0
2008-09-18,1505.29,189.376,346071.08,6404.2,4202.0,357.0,7991.0
2008-09-19,1518.846,166.768,346114.24,6449.4,1569.0,351.0,12367.0
2008-09-20,1304.6,156.204,346455.53,5480.0,0.0,370.0,12477.0
2008-09-21,1533.07,206.262,346953.83,6566.8,4010.0,2381.0,8347.0
2008-09-22,1358.564,151.524,345901.19,5778.2,1014.0,2448.0,10227.0
2008-09-23,1232.788,165.12800000000001,345864.04,5305.2,0.0,2168.0,7920.0
2008-09-24,1718.35,173.472,345781.14,7245.6,2019.0,4730.0,10548.0
2008-09-25,1131.22,173.77,346018.07,4815.0,1012.0,751.0,8485.0
2008-09-26,1431.45,211.572,346166.82,6105.0,1221.0,370.0,10890.0
2008-09-27,2127.446,257.04,345810.93,9012.4,4347.0,2584.0,12688.0
2008-09-28,1731.104,163.968,346000.92,7314.6,1920.0,385.0,11242.0
2008-09-29,1501.738,199.432,345980.19,6349.6,1014.0,363.0,10677.0
2008-09-30,1375.006,155.092,346440.63,5795.6,998.0,360.0,7415.0
2008-10-01,1872.364,181.256,347225.2,7894.2,2249.0,5800.0,10808.0
2008-10-02,1345.342,153.676,346072.67,5686.0,0.0,367.0,9060.0
2008-10-03,1612.58,158.598,345372.49,6833.8,4801.0,349.0,9432.0
2008-10-04,2100.496,216.2,345851.14,8848.6,3462.0,629.0,12573.0
2008-10-05,1549.95,146.296,345798.06,6529.2,990.0,3257.0,6071.0
2008-10-06,1423.782,125.204,344331.47000000003,6071.6,990.0,286.0,9562.0
2008-10-07,1726.568,187.234,343948.13,7439.2,1016.0,419.0,9476.0
2008-10-08,1860.576,152.41,345670.58,7821.0,1044.0,5126.0,11650.0
2008-10-09,1983.682,181.9,344556.61,8369.8,1032.0,3064.0,11652.0
2008-10-10,1518.338,148.044,345074.19,6389.0,0.0,389.0,12046.0
2008-10-11,1669.386,154.848,344422.97,7064.6,2144.0,2335.0,11373.0
2008-10-12,1907.94,161.806,345818.22,8085.8,2561.0,5822.0,7171.0
2008-10-13,1461.9759999999999,147.894,346765.57,6126.2,1037.0,535.0,9483.0
2008-10-14,1609.056,164.286,344470.65,6811.4,1177.0,442.0,9939.0
2008-10-15,2156.896,168.462,344889.78,9112.6,1998.0,7042.0,9984.0
2008-10-16,1583.68,136.84,344538.5,6712.2,951.0,429.0,8438.0
2008-10-17,1866.886,153.522,345668.58,7885.2,2036.0,3187.0,9639.0
2008-10-18,2239.19,162.62800000000001,345363.02,9427.8,799.0,1655.0,12146.0
2008-10-19,1971.934,181.596,345661.27,8359.6,698.0,8010.0,4600.0
2008-10-20,1667.554,137.812,346222.79,6998.8,844.0,2648.0,10475.0
2008-10-21,2063.716,152.344,345212.19,8756.4,857.0,2663.0,11331.0
2008-10-22,1646.01,149.344,346774.7,6965.2,662.0,2542.0,8487.0
2008-10-23,1830.494,161.208,346174.62,7739.4,815.0,1435.0,10587.0
2008-10-24,2133.226,168.014,346195.72,9024.4,7893.0,2277.0,10284.0
2008-10-25,1596.428,125.256,346928.69,6672.6,737.0,480.0,14164.0
2008-10-26,523.492,115.53,348657.79,2158.8,0.0,360.0,2013.0
2008-10-27,523.892,128.978,348808.4,2173.2,0.0,402.0,1967.0
2008-10-28,1327.29,145.076,347510.58,5548.6,2263.0,362.0,5090.0
2008-10-29,1612.576,133.282,348177.02,6630.2,1037.0,345.0,4015.0
2008-10-30,1098.6,123.028,348599.94,4713.6,0.0,345.0,2619.0
2008-10-31,1285.832,104.348,347514.87,5423.6,0.0,312.0,10483.0
2008-11-01,830.498,113.672,348206.74,3781.0,0.0,344.0,1939.0
2008-11-02,910.614,120.472,348704.27,4124.2,0.0,346.0,2824.0
2008-11-03,847.6,115.248,348141.77,3837.6,963.0,347.0,1892.0
2008-11-04,1562.316,121.476,346755.52,6699.4,0.0,6214.0,4106.0
2008-11-05,3134.93,257.82,344852.31,13304.4,7597.0,10409.0,8362.0
2008-11-06,1588.438,181.468,346161.91,6806.4,1033.0,430.0,6734.0
2008-11-07,1619.184,109.988,345242.57,6846.6,1032.0,389.0,10421.0
2008-11-08,1733.138,133.168,344603.56,7350.8,1114.0,3271.0,6069.0
2008-11-09,2578.538,210.946,343373.86,10974.2,6301.0,661.0,14348.0
2008-11-10,2112.904,156.726,345066.94,8948.6,1023.0,355.0,10387.0
2008-11-11,2455.95,128.08,345425.32,10344.0,2475.0,2288.0,14651.0
2008-11-12,2190.286,159.172,346156.63,9145.8,1066.0,2752.0,9430.0
2008-11-13,1238.46,125.424,347901.01,5223.2,0.0,338.0,6315.0
2008-11-14,1621.738,127.894,347071.42,6848.0,2092.0,325.0,9929.0
2008-11-15,3031.628,165.16,343633.13,12907.0,3952.0,3799.0,15635.0
2008-11-16,2365.432,163.13,346311.56,9963.4,4791.0,1829.0,8945.0
2008-11-17,1523.636,118.874,347234.3,6353.4,0.0,378.0,10590.0
2008-11-18,1749.05,139.282,345458.94,7404.2,1079.0,369.0,11204.0
2008-11-19,1840.238,166.452,346377.05,7794.6,1737.0,3026.0,8704.0
2008-11-20,1692.336,121.19200000000001,345338.09,7177.6,1034.0,347.0,7732.0
2008-11-21,1673.93,127.554,345496.8,7123.0,1039.0,348.0,10396.0
2008-11-22,1711.368,124.868,345213.81,7271.4,1093.0,882.0,8320.0
2008-11-23,3406.78,207.018,344377.4,14469.6,3631.0,8823.0,10290.0
2008-11-24,3212.998,121.618,346117.66,13371.0,1063.0,510.0,13378.0
2008-11-25,2702.85,150.564,346940.07,11266.4,3010.0,345.0,10471.0
2008-11-26,1515.954,119.996,349057.29,6273.2,909.0,304.0,10002.0
2008-11-27,2362.218,126.218,347673.62,9851.2,2491.0,330.0,12440.0
2008-11-28,1885.964,128.426,350015.78,7789.8,1113.0,295.0,11361.0
2008-11-29,2434.668,166.51,347386.69,10157.2,5268.0,2392.0,12386.0
2008-11-30,2401.388,170.904,349019.37,10016.0,1161.0,3481.0,11474.0
2008-12-01,1616.538,118.678,350562.01,6852.2,1085.0,309.0,9013.0
2008-12-02,1793.444,145.908,350466.29,7509.8,0.0,304.0,11343.0
2008-12-03,1755.164,124.722,350472.57,7300.2,1137.0,302.0,9664.0
2008-12-04,1738.638,113.99,350586.92,7234.2,1085.0,281.0,11314.0
2008-12-05,2058.618,120.026,349885.31,8593.4,831.0,310.0,9852.0
2008-12-06,2523.836,188.144,347236.65,10596.0,4005.0,5749.0,9048.0
2008-12-07,2466.74,180.224,348823.5,10306.6,3294.0,310.0,13627.0
2008-12-08,1868.636,120.782,350973.53,7751.8,1117.0,296.0,13256.0
2008-12-09,2003.144,132.516,350720.14,8291.0,1985.0,2553.0,12886.0
2008-12-10,2233.66,146.106,350570.47,9230.2,1128.0,4144.0,12149.0
2008-12-11,1432.522,114.916,350522.44,5935.6,1160.0,273.0,7979.0
2008-12-12,1815.5339999999999,139.342,349981.95,7519.2,1157.0,255.0,12154.0
2008-12-13,1825.574,163.278,347815.51,7663.4,2186.0,261.0,9271.0
2008-12-14,2002.12,164.014,347936.83,8469.4,3742.0,2497.0,5415.0
2008-12-15,1795.45,113.744,349976.45,7475.0,1178.0,252.0,9668.0
2008-12-16,1797.09,114.598,351187.06,7477.4,0.0,253.0,11334.0
2008-12-17,2098.786,136.216,350371.46,8755.6,4251.0,284.0,10813.0
2008-12-18,1736.94,118.07,349717.05,7184.6,1125.0,258.0,11293.0
2008-12-19,1882.112,132.154,348287.29,7891.4,1538.0,296.0,11773.0
2008-12-20,2244.142,160.838,349293.74,9360.0,1134.0,6479.0,12837.0
2008-12-21,2643.61,135.072,348076.92,11034.2,1099.0,9189.0,14816.0
2008-12-22,2015.808,124.87,348284.87,8434.2,2157.0,391.0,10433.0
2008-12-23,1798.088,151.08,348149.59,7561.0,2666.0,2115.0,8326.0
2008-12-24,1269.638,115.318,351303.3,5232.4,0.0,364.0,9981.0
2008-12-25,1061.118,116.882,350255.61,4375.6,0.0,285.0,3598.0
2008-12-26,1223.732,124.222,351869.27,5041.0,1121.0,279.0,7796.0
2008-12-27,2972.164,118.132,350369.13,12141.8,0.0,244.0,12209.0
2008-12-28,1570.642,112.248,352166.95,6364.8,1953.0,217.0,5291.0
2008-12-29,555.278,91.638,352734.85,2273.6,0.0,218.0,2480.0
2008-12-30,1195.238,113.206,352278.96,4898.6,0.0,245.0,7145.0
2008-12-31,1964.188,129.272,350347.13,8190.2,2975.0,246.0,11860.0
