time,temp,tmin,tmax,rhum,prcp,snwd,wspd,wpgt,pres,tsun,cldc
2006-12-16,5.7,3.4,8.5,90,2.4,,14.4,,1024.2,,6
2006-12-17,2.4,-0.8,6.3,94,0.2,,6.6,,1029.8,,
2006-12-18,3.4,1.7,5.3,92,0.0,,8.4,,1029.1,,7
2006-12-19,2.2,0.1,4.8,82,0.0,,18.7,,1033.8,,2
2006-12-20,2.4,0.5,5.6,76,0.0,,18.1,,1037.2,,2
2006-12-21,4.5,-0.3,8.4,80,0.0,,18.2,,1039.1,,
2006-12-22,4.5,2.9,6.7,78,0.0,,19.0,,1039.2,,0
2006-12-23,1.7,-0.2,3.8,89,0.0,,14.0,,1038.2,,4
2006-12-24,2.1,0.8,2.5,89,0.0,,8.1,,1036.4,,8
2006-12-25,1.2,0.6,1.8,91,0.0,,9.4,,1035.4,,8
2006-12-26,0.0,-0.9,0.6,91,0.0,,8.6,,1034.2,,8
2006-12-27,0.1,-0.2,0.5,87,0.0,,7.6,,1033.6,,8
2006-12-28,-1.6,-2.1,-0.8,92,0.0,,7.6,,1031.0,,8
2006-12-29,1.9,-3.1,8.6,81,0.0,,10.9,,1025.2,,
2006-12-30,9.0,6.0,11.7,78,4.4,,26.4,,1020.6,,8
2006-12-31,10.1,7.2,13.8,88,5.2,,22.7,,1027.2,,6
2007-01-01,9.8,7.8,11.4,77,6.4,,26.5,,1020.8,,
2007-01-02,6.3,4.0,8.1,82,5.0,,23.0,,1027.1,,
2007-01-03,6.2,3.9,8.4,88,1.2,,16.4,,1030.9,,7
2007-01-04,9.2,6.8,11.6,82,2.0,,20.8,,1018.8,,7
2007-01-05,9.9,8.5,11.5,85,1.8,,18.0,,1024.0,,7
2007-01-06,11.4,10.1,12.7,89,0.4,,22.0,,,,7
2007-01-07,7.8,4.8,10.8,87,1.0,,16.4,,1020.1,,
2007-01-08,10.8,8.9,13.3,88,1.4,,23.9,,1009.2,,8
2007-01-09,12.7,11.0,14.2,85,0.2,,21.6,,1015.8,,7
2007-01-10,9.7,8.0,12.9,83,1.2,,18.0,,1019.5,,6
2007-01-11,7.8,3.7,11.5,86,4.6,,24.9,,1023.2,,6
2007-01-12,9.8,6.2,12.3,85,0.0,,15.7,,1028.9,,
2007-01-13,10.9,9.4,11.4,89,0.2,,15.4,,1026.0,,8
2007-01-14,7.6,3.3,12.1,83,0.0,,8.9,,1031.5,,
2007-01-15,4.3,-1.2,8.5,90,0.0,,5.9,,1028.4,,
2007-01-16,7.4,5.0,10.6,88,0.6,,11.9,,1021.9,,7
2007-01-17,11.3,9.0,13.3,89,7.8,,25.6,,1016.7,,8
2007-01-18,13.4,11.3,14.9,88,0.8,,36.4,,,,8
2007-01-19,13.5,12.7,15.6,87,0.4,,23.3,,1020.9,,8
2007-01-20,11.6,9.7,14.1,83,3.4,,21.9,,1019.9,,8
2007-01-21,7.1,6.0,10.4,77,0.0,,21.4,,1019.0,,
2007-01-22,4.4,1.7,7.3,88,0.0,,9.6,,1015.4,,7
2007-01-23,1.6,0.2,2.3,49,0.0,,35.0,,1011.6,,7
2007-01-24,0.9,-0.3,3.4,84,2.0,,14.3,,1010.7,,5
2007-01-25,-1.4,-2.8,-0.1,76,0.0,,22.0,,1021.3,,
2007-01-26,-1.1,-5.9,3.5,76,0.0,,9.5,,1026.9,,
2007-01-27,4.1,0.8,8.7,84,0.0,,9.7,,1032.2,,
2007-01-28,4.0,-0.4,6.6,88,0.0,,12.1,,1033.4,,6
2007-01-29,6.7,4.4,10.8,84,0.0,,8.0,,1027.7,,6
2007-01-30,7.3,2.9,8.8,88,0.0,,10.1,,1026.3,,8
2007-01-31,7.2,6.1,9.2,79,0.0,,7.0,,1025.9,,8
2007-02-01,8.5,3.9,11.1,87,0.0,,7.9,,1029.7,,7
2007-02-02,9.5,8.9,10.6,91,0.0,,7.2,,1032.4,,8
2007-02-03,6.9,3.7,10.2,76,0.0,,23.6,,1035.4,,2
2007-02-04,5.5,2.1,10.9,80,0.0,,14.5,,1028.5,,1
2007-02-05,5.1,2.6,6.4,85,0.0,,10.7,,1018.2,,7
2007-02-06,4.9,3.2,7.0,85,0.6,,7.5,,1007.5,,7
2007-02-07,1.7,0.3,6.1,87,6.4,,12.6,,1000.9,,
2007-02-08,6.4,-0.6,10.8,78,4.2,,22.4,,995.0,,
2007-02-09,6.4,2.6,10.0,87,5.6,,8.4,,1003.0,,6
2007-02-10,8.6,5.6,12.8,83,10.4,,17.5,,1003.4,,6
2007-02-11,9.7,8.3,13.2,81,10.0,,25.8,,1001.5,,6
2007-02-12,9.8,8.4,11.7,79,0.8,,30.3,,997.1,,7
2007-02-13,8.6,6.6,10.9,75,2.8,,20.1,,1011.2,,
2007-02-14,8.5,6.3,11.2,85,6.8,,20.8,,1004.2,,8
2007-02-15,5.3,0.7,10.6,80,0.0,,12.0,,1022.0,,3
2007-02-16,7.4,2.1,12.9,71,0.0,,9.6,,1013.9,,6
2007-02-17,10.4,4.7,17.7,61,0.0,,8.1,,1010.7,,6
2007-02-18,9.7,4.6,16.5,78,0.0,,6.2,,1016.3,,4
2007-02-19,6.9,5.4,9.8,91,0.0,,7.1,,1014.2,,
2007-02-20,8.0,2.2,13.9,83,0.0,,5.6,,1009.9,,6
2007-02-21,9.7,8.6,13.5,76,0.4,,13.3,,1011.8,,6
2007-02-22,7.4,3.0,12.5,84,0.6,,13.1,,,,
2007-02-23,9.3,7.0,11.3,85,4.0,,16.2,,1006.5,,
2007-02-24,10.6,9.2,13.0,81,2.6,,23.6,,1001.3,,
2007-02-25,8.3,6.2,9.7,84,4.2,,22.7,,1000.7,,7
2007-02-26,8.6,7.2,12.5,79,0.2,,19.7,,1014.3,,
2007-02-27,8.6,4.7,12.9,89,1.4,,19.1,,1016.2,,7
2007-02-28,10.7,9.3,14.1,,10.8,,,,,,
2007-03-01,9.7,8.6,11.5,80,5.4,,25.1,,1000.0,,7
2007-03-02,7.7,3.2,12.6,86,4.2,,15.1,,1007.9,,6
2007-03-03,10.7,8.1,14.5,72,0.4,,24.3,,1009.9,,
2007-03-04,10.7,3.8,16.0,77,4.2,,12.4,,1014.0,,5
2007-03-05,10.5,7.4,13.5,,0.0,,,,,,
2007-03-06,9.2,8.5,10.3,80,8.4,,,,,,
2007-03-07,8.9,6.3,12.8,78,0.0,,12.9,,,,
2007-03-08,7.1,1.7,14.7,76,0.0,,10.1,,1022.3,,4
2007-03-09,8.0,5.9,12.2,78,2.4,,15.5,,1029.5,,5
2007-03-10,7.9,1.0,14.8,72,0.0,,8.7,,1038.8,,2
2007-03-11,7.7,0.6,14.8,76,0.0,,5.4,,1034.2,,1
2007-03-12,7.9,0.6,16.4,71,0.0,,3.7,,1026.5,,0
2007-03-13,8.7,1.2,15.7,74,0.0,,9.3,,1029.1,,2
2007-03-14,9.4,4.8,14.7,71,0.0,,12.8,,1034.1,,0
2007-03-15,8.9,3.5,15.5,66,0.0,,7.5,,1029.6,,0
2007-03-16,7.6,0.4,13.9,76,0.0,,9.0,,1029.0,,
2007-03-17,9.1,6.1,10.9,85,0.0,,14.5,,1026.9,,7
2007-03-18,8.2,7.5,10.6,78,2.4,,24.2,,1011.7,,
2007-03-19,3.7,2.0,6.8,79,0.8,,20.5,,997.8,,6
2007-03-20,3.4,-0.5,8.3,81,1.6,,19.4,,1005.8,,
2007-03-21,4.6,2.1,8.0,76,1.4,,23.0,,1013.7,,6
2007-03-22,5.6,4.2,9.7,59,0.0,,18.3,,1016.8,,6
2007-03-23,3.9,-1.3,5.9,81,3.0,,16.8,,1012.8,,6
2007-03-24,5.3,1.6,6.9,87,4.8,,17.9,,1012.7,,7
2007-03-25,7.2,5.8,10.2,76,0.0,,15.5,,1014.7,,
2007-03-26,8.5,1.9,15.3,73,0.0,,10.4,,1016.5,,1
2007-03-27,10.2,2.9,17.2,70,0.0,,5.8,,1014.8,,1
2007-03-28,10.2,3.2,18.2,70,0.0,,7.1,,1014.3,,
2007-03-29,8.7,6.3,12.7,79,1.4,,11.5,,1014.0,,7
2007-03-30,4.9,2.8,8.0,83,5.0,,9.3,,1010.6,,7
2007-03-31,5.4,0.7,8.2,86,0.0,,9.2,,1016.7,,7
2007-04-01,11.0,5.6,16.2,74,0.0,,14.7,,1021.4,,
2007-04-02,13.4,7.6,19.4,64,0.0,,14.6,,1022.3,,2
2007-04-03,9.9,7.7,13.8,63,0.0,,24.3,,1018.3,,2
2007-04-04,7.8,3.7,12.0,62,0.0,,30.3,,1017.8,,
2007-04-05,9.9,3.3,16.0,51,0.0,,17.9,,1021.2,,5
2007-04-06,12.7,5.8,19.2,63,0.0,,12.2,,1022.3,,2
2007-04-07,10.7,5.4,15.9,68,0.0,,19.9,,1023.9,,2
2007-04-08,10.6,4.9,16.6,60,0.0,,18.2,,1024.2,,1
2007-04-09,11.9,3.4,20.0,60,0.0,,5.9,,1020.8,,1
2007-04-10,13.3,6.9,19.3,63,0.0,,9.1,,1022.2,,0
2007-04-11,14.2,6.8,20.1,67,0.0,,14.4,,1022.3,,1
2007-04-12,16.4,7.9,24.0,61,0.0,,9.2,,1018.9,,4
2007-04-13,18.2,12.4,24.4,62,0.0,,7.8,,1017.2,,7
2007-04-14,18.9,10.9,25.8,67,0.0,,8.1,,1018.8,,3
2007-04-15,19.6,11.1,27.6,68,0.0,,7.3,,1020.5,,1
2007-04-16,19.1,13.2,25.2,62,0.0,,14.6,,1021.0,,3
2007-04-17,15.4,10.7,20.0,64,0.0,,19.3,,1021.5,,3
2007-04-18,12.2,6.8,17.1,59,0.0,,14.8,,1024.3,,4
2007-04-19,13.1,3.9,19.6,53,0.0,,8.2,,1020.6,,1
2007-04-20,14.4,7.2,20.4,54,0.0,,15.6,,1019.5,,0
2007-04-21,14.2,7.5,21.0,49,0.0,,11.2,,1020.3,,0
2007-04-22,15.8,4.4,24.9,55,0.0,,4.3,,1020.9,,1
2007-04-23,18.6,9.3,26.0,58,0.0,,6.0,,1020.9,,3
2007-04-24,19.3,11.3,26.6,60,0.0,,5.8,,1018.2,,6
2007-04-25,20.2,12.2,28.5,54,0.0,,9.6,,,,
2007-04-26,18.5,13.0,25.3,65,0.0,,11.4,,1015.3,,
2007-04-27,20.0,13.1,26.8,62,0.0,,9.8,,1018.2,,4
2007-04-28,20.1,13.1,27.0,62,0.0,,6.9,,,,
2007-04-29,17.7,12.7,25.4,72,4.6,,11.1,,1016.4,,4
2007-04-30,17.4,10.1,23.7,72,0.2,,12.5,,1010.7,,3
2007-05-01,17.3,11.0,23.1,44,0.0,,17.7,,1009.4,,2
2007-05-02,16.6,11.0,21.3,46,0.0,,16.3,,1009.4,,2
2007-05-03,15.2,7.5,21.8,62,0.0,,9.0,,1011.6,,2
2007-05-04,14.2,9.8,21.0,72,10.4,,21.4,,1010.3,,
2007-05-05,12.6,10.1,16.4,77,0.0,,23.3,,1014.5,,6
2007-05-06,13.1,6.6,19.8,71,0.0,,14.5,,1020.3,,4
2007-05-07,15.4,12.6,19.7,79,1.6,,21.7,,1018.2,,7
2007-05-08,16.3,12.0,20.6,77,1.2,,22.3,,1017.2,,
2007-05-09,16.4,14.7,19.0,76,0.0,,24.5,,1018.6,,7
2007-05-10,17.0,12.0,23.8,68,0.0,,20.3,,1012.9,,7
2007-05-11,14.8,12.2,17.9,64,1.2,,27.2,,1009.4,,
2007-05-12,15.9,12.2,20.6,69,0.0,,22.2,,1010.8,,
2007-05-13,15.6,10.4,23.9,70,1.4,,18.2,,1005.5,,
2007-05-14,13.6,12.0,18.2,71,3.6,,24.7,,1008.0,,6
2007-05-15,12.1,7.5,17.5,76,2.8,,18.5,,1018.1,,
2007-05-16,13.4,11.2,18.2,80,2.4,,18.7,,1014.5,,7
2007-05-17,15.2,11.4,17.9,89,0.4,,17.9,,1013.9,,8
2007-05-18,18.8,14.6,25.2,82,3.6,,10.5,,1017.2,,
2007-05-19,16.7,13.8,20.8,73,4.0,,9.0,,1014.7,,7
2007-05-20,13.0,9.8,15.1,80,9.0,,16.2,,1013.7,,8
2007-05-21,17.3,12.5,25.0,81,0.0,,11.5,,1013.9,,6
2007-05-22,17.8,12.0,23.0,79,0.0,,11.5,,1019.6,,
2007-05-23,17.6,13.5,22.8,76,0.0,,14.5,,1020.9,,
2007-05-24,20.5,13.6,27.5,66,0.0,,11.2,,1014.9,,3
2007-05-25,20.0,15.1,28.7,73,6.2,,8.9,,1007.9,,4
2007-05-26,16.8,12.7,21.1,84,2.0,,12.7,,1003.6,,7
2007-05-27,11.3,8.7,14.5,83,9.0,,18.2,,999.4,,6
2007-05-28,10.7,8.8,15.8,86,7.2,,16.4,,998.4,,7
2007-05-29,11.8,6.3,17.3,65,0.0,,17.4,,1011.3,,
2007-05-30,12.7,7.0,16.8,86,1.4,,14.5,,1010.9,,6
2007-05-31,13.2,8.8,19.8,82,5.4,,10.1,,1011.1,,
2007-06-01,13.9,7.4,19.1,77,0.0,,13.3,,1016.4,,5
2007-06-02,17.8,11.7,24.4,70,0.0,,14.5,,1023.0,,
2007-06-03,19.7,13.8,25.0,68,0.0,,11.8,,1021.3,,3
2007-06-04,19.7,16.6,24.3,73,0.0,,16.3,,1019.7,,7
2007-06-05,19.9,14.5,24.6,71,0.0,,19.1,,1017.8,,
2007-06-06,20.4,14.9,26.1,70,0.0,,21.2,,1015.0,,
2007-06-07,18.7,15.1,22.7,81,0.4,,18.3,,1014.8,,8
2007-06-08,19.7,17.1,23.4,82,0.4,,10.6,,1016.5,,7
2007-06-09,19.9,16.6,24.3,75,0.0,,10.9,,1017.6,,
2007-06-10,19.7,14.4,25.6,76,0.2,,11.0,,1015.2,,
2007-06-11,20.2,15.2,25.4,77,0.0,,8.0,,1014.1,,6
2007-06-12,18.9,15.4,23.5,78,0.0,,11.5,,1013.6,,
2007-06-13,19.3,13.1,26.6,76,1.8,,6.1,,1009.3,,5
2007-06-14,19.1,15.1,23.4,84,31.6,,10.1,,1003.7,,6
2007-06-15,17.4,14.7,21.9,81,3.2,,20.1,,1004.6,,
2007-06-16,16.7,14.0,22.0,72,0.8,,22.4,,1007.7,,6
2007-06-17,16.3,10.5,22.4,80,5.4,,10.2,,1007.1,,4
2007-06-18,20.4,14.0,26.3,72,0.0,,13.5,,1009.8,,6
2007-06-19,22.1,15.9,32.0,69,11.4,,12.1,,1009.8,,
2007-06-20,19.7,14.3,24.5,68,3.4,,13.5,,1013.8,,
2007-06-21,18.3,15.1,22.7,67,0.0,,15.5,,1014.1,,
2007-06-22,15.7,14.0,18.7,82,21.4,,16.0,,1010.3,,
2007-06-23,17.3,14.3,22.7,75,0.2,,19.9,,1012.8,,
2007-06-24,17.7,12.8,22.9,71,1.8,,14.3,,1011.5,,
2007-06-25,16.4,13.8,21.1,69,8.4,,25.6,,1004.6,,
2007-06-26,14.1,12.5,17.3,79,0.2,,22.0,,1008.4,,7
2007-06-27,14.4,10.7,19.1,72,0.4,,16.5,,1011.9,,7
2007-06-28,15.9,12.4,19.7,69,0.0,,17.4,,,,7
2007-06-29,16.4,13.5,18.9,74,0.4,,19.0,,1015.5,,7
2007-06-30,18.6,14.8,23.4,77,0.8,,14.0,,1016.1,,7
2007-07-01,18.9,16.2,23.8,76,1.2,,16.9,,1009.4,,
2007-07-02,17.6,14.6,23.1,73,4.0,,21.7,,1008.9,,7
2007-07-03,15.7,13.3,20.2,83,13.6,,16.0,,1005.6,,7
2007-07-04,14.9,11.8,20.3,73,2.2,,22.0,,1010.7,,
2007-07-05,16.1,13.0,20.5,72,1.4,,24.0,,1017.1,,7
2007-07-06,17.5,14.1,22.7,69,0.0,,22.2,,1015.4,,7
2007-07-07,16.9,12.0,22.4,65,0.0,,8.0,,1018.7,,6
2007-07-08,16.1,14.0,20.8,70,2.4,,12.0,,1018.1,,7
2007-07-09,13.3,9.5,18.7,83,9.0,,11.1,,1016.5,,
2007-07-10,13.7,10.8,18.3,85,5.8,,11.6,,1015.2,,6
2007-07-11,16.0,12.3,21.2,75,0.0,,15.7,,1016.9,,6
2007-07-12,17.1,11.7,21.9,79,0.0,,13.5,,1019.1,,6
2007-07-13,22.5,14.8,29.2,69,0.0,,12.7,,1015.9,,3
2007-07-14,23.7,18.6,30.5,63,0.0,,9.4,,1013.9,,3
2007-07-15,24.6,17.2,32.4,60,0.2,,13.5,,1011.1,,3
2007-07-16,20.8,19.4,26.0,72,9.2,,13.7,,1011.8,,6
2007-07-17,19.3,13.5,25.7,70,0.0,,16.7,,1017.6,,
2007-07-18,20.3,15.0,25.6,58,0.0,,10.3,,1019.7,,4
2007-07-19,21.7,15.3,26.9,59,0.2,,11.2,,1016.8,,4
2007-07-20,19.1,17.2,23.6,71,0.0,,16.3,,1014.4,,
2007-07-21,17.2,11.1,23.1,65,0.0,,12.0,,1016.8,,
2007-07-22,17.3,11.6,22.6,65,3.0,,13.8,,1013.6,,
2007-07-23,16.5,14.4,20.6,83,13.4,,15.3,,1001.0,,7
2007-07-24,17.9,14.4,23.6,73,0.4,,18.8,,1008.6,,
2007-07-25,17.9,11.6,24.3,73,0.0,,11.9,,1016.7,,3
2007-07-26,19.9,13.9,25.7,67,0.0,,20.2,,1013.0,,4
2007-07-27,19.2,15.4,23.8,75,0.8,,17.1,,1015.9,,
2007-07-28,19.4,17.1,22.9,70,1.6,,18.6,,1017.5,,
2007-07-29,17.9,14.7,21.6,80,2.8,,19.5,,1016.5,,7
2007-07-30,16.4,8.7,22.4,62,0.0,,10.9,,1020.5,,
2007-07-31,16.8,9.5,21.9,57,0.0,,12.4,,1020.2,,2
2007-08-01,19.9,11.8,27.2,51,2.2,,10.5,,1013.1,,3
2007-08-02,18.7,14.9,23.5,71,1.2,,12.4,,1012.5,,6
2007-08-03,18.4,12.2,24.6,70,0.0,,7.2,,1022.2,,
2007-08-04,20.8,12.0,28.3,63,0.0,,6.5,,1022.8,,1
2007-08-05,24.6,15.4,32.7,54,0.6,,11.3,,1012.9,,1
2007-08-06,18.3,16.7,20.2,81,4.8,,8.6,,1011.1,,7
2007-08-07,16.9,10.2,23.1,70,23.4,,9.6,,1015.8,,4
2007-08-08,14.9,13.0,18.2,87,7.6,,13.6,,1016.8,,8
2007-08-09,15.6,11.4,18.6,70,0.2,,16.5,,1018.8,,7
2007-08-10,16.1,13.6,17.8,82,0.0,,16.8,,1017.2,,8
2007-08-11,17.9,15.7,21.5,80,0.0,,6.7,,1015.7,,6
2007-08-12,18.4,13.1,25.3,83,2.4,,5.7,,1011.5,,5
2007-08-13,17.3,12.5,22.8,71,0.0,,9.9,,1013.3,,
2007-08-14,18.2,12.1,24.5,77,4.2,,17.9,,1009.8,,7
2007-08-15,19.2,17.9,20.9,89,6.8,,23.0,,1004.9,,7
2007-08-16,16.6,13.9,21.9,77,0.2,,18.6,,1012.2,,
2007-08-17,15.8,11.6,20.2,71,0.2,,14.2,,1020.0,,6
2007-08-18,16.6,10.0,22.0,71,5.2,,11.4,,1016.6,,5
2007-08-19,16.4,13.9,20.8,82,5.8,,17.4,,1009.4,,7
2007-08-20,14.7,12.8,18.9,82,0.2,,17.7,,1007.6,,8
2007-08-21,16.7,11.2,21.1,76,5.4,,10.5,,1007.9,,
2007-08-22,16.7,15.7,19.3,91,36.8,,15.9,,1007.6,,8
2007-08-23,17.0,15.9,19.5,93,31.2,,12.1,,1010.6,,8
2007-08-24,18.2,15.5,22.3,87,0.2,,5.9,,1021.0,,6
2007-08-25,18.7,12.4,25.2,81,0.2,,6.2,,1028.1,,2
2007-08-26,20.2,13.6,25.7,78,0.0,,8.4,,1027.2,,3
2007-08-27,18.0,13.4,22.5,70,0.0,,16.0,,1023.6,,
2007-08-28,16.2,11.4,21.1,,0.2,,,,,,
2007-08-29,15.9,11.8,20.2,,0.0,,,,,,
2007-08-30,15.8,9.4,21.5,63,0.0,,14.6,,1021.1,,
2007-08-31,17.9,15.1,21.7,72,0.0,,13.5,,1022.9,,7
2007-09-01,17.2,15.1,21.8,78,0.0,,11.8,,1022.8,,7
2007-09-02,17.2,12.8,21.5,77,0.0,,8.3,,1020.7,,7
2007-09-03,15.4,12.5,18.5,74,0.4,,16.8,,1018.6,,6
2007-09-04,14.1,9.4,18.8,62,0.2,,17.6,,1026.1,,
2007-09-05,14.6,7.0,20.2,66,0.0,,8.8,,1030.7,,3
2007-09-06,17.9,14.9,21.9,82,0.0,,12.1,,1029.0,,
2007-09-07,17.7,15.7,21.6,74,0.0,,19.1,,1028.9,,
2007-09-08,18.4,13.0,23.7,70,0.0,,13.2,,1026.1,,
2007-09-09,16.9,13.5,21.3,73,0.0,,14.7,,1023.3,,
2007-09-10,14.9,8.9,20.7,76,0.0,,12.9,,1020.9,,4
2007-09-11,14.6,8.1,19.0,71,0.0,,10.9,,1023.9,,
2007-09-12,14.6,9.3,19.7,73,0.0,,14.2,,1026.4,,2
2007-09-13,16.2,9.9,22.4,66,0.0,,13.0,,1023.3,,
2007-09-14,16.7,8.1,23.3,69,0.0,,9.4,,1020.9,,
2007-09-15,16.9,14.0,22.9,74,0.0,,6.2,,1024.2,,4
2007-09-16,18.2,10.0,26.4,69,0.0,,10.0,,1017.4,,
2007-09-17,15.9,13.2,21.2,74,0.8,,12.7,,1011.6,,6
2007-09-18,11.9,10.4,16.5,77,0.2,,13.8,,1020.4,,
2007-09-19,10.3,4.2,17.5,75,0.0,,8.8,,1026.1,,
2007-09-20,13.1,6.8,20.9,65,0.0,,10.0,,1023.9,,
2007-09-21,13.9,6.3,22.6,71,0.0,,5.0,,1021.5,,5
2007-09-22,14.3,7.5,21.4,80,0.0,,6.8,,1021.7,,
2007-09-23,16.7,10.6,21.7,78,0.0,,8.2,,1021.7,,
2007-09-24,14.3,12.7,18.4,80,1.8,,14.7,,1016.4,,5
2007-09-25,11.9,8.1,17.6,77,2.8,,13.0,,1017.4,,
2007-09-26,10.3,7.1,16.2,85,4.6,,15.1,,1016.3,,
2007-09-27,11.7,8.6,15.8,77,1.8,,21.1,,1012.8,,7
2007-09-28,12.8,11.9,14.4,87,4.8,,18.9,,1008.5,,8
2007-09-29,12.8,10.6,17.3,82,0.0,,11.9,,1013.8,,6
2007-09-30,12.8,4.1,19.8,76,0.2,,8.8,,1020.7,,5
2007-10-01,17.4,13.9,22.2,86,0.8,,7.8,,1019.8,,7
2007-10-02,17.9,15.5,21.4,92,0.2,,5.1,,1018.7,,
2007-10-03,17.2,15.2,21.2,91,0.2,,4.6,,1017.8,,
2007-10-04,15.1,14.4,17.4,89,0.0,,11.0,,1020.9,,6
2007-10-05,14.3,10.6,18.3,86,0.0,,16.5,,,,4
2007-10-06,13.9,9.3,20.1,77,0.0,,13.0,,1020.0,,0
2007-10-07,12.6,6.1,20.3,76,0.0,,6.1,,1020.7,,0
2007-10-08,12.3,6.7,17.9,83,0.0,,8.2,,1023.7,,4
2007-10-09,13.5,7.3,18.6,79,9.0,,9.8,,1025.6,,
2007-10-10,12.7,7.9,16.2,85,0.2,,11.8,,1022.9,,
2007-10-11,12.4,10.1,16.2,86,0.0,,11.9,,1027.1,,
2007-10-12,12.2,6.1,16.9,86,0.0,,8.3,,1026.0,,5
2007-10-13,14.1,12.2,17.4,84,0.0,,10.9,,1024.9,,
2007-10-14,12.7,7.5,19.0,81,0.2,,8.0,,1020.7,,0
2007-10-15,11.1,7.8,15.5,88,0.0,,10.2,,1018.5,,3
2007-10-16,13.4,6.7,21.1,80,0.4,,9.7,,1018.7,,
2007-10-17,12.7,11.7,16.5,83,0.2,,16.1,,1019.4,,
2007-10-18,10.3,5.3,14.7,74,0.0,,10.8,,1031.0,,
2007-10-19,8.4,4.7,13.3,81,0.0,,9.3,,1034.2,,
2007-10-20,7.2,4.0,11.7,72,0.0,,15.0,,1034.4,,
2007-10-21,6.3,-0.6,12.4,68,0.0,,7.2,,1031.1,,1
2007-10-22,7.8,3.1,11.8,68,0.0,,12.7,,1024.7,,6
2007-10-23,5.9,0.8,11.0,71,0.0,,17.4,,1022.2,,0
2007-10-24,6.6,2.5,10.5,76,0.0,,20.1,,1021.3,,
2007-10-25,8.7,6.6,10.5,76,0.0,,17.1,,1020.9,,8
2007-10-26,9.4,8.8,10.5,78,0.0,,11.2,,1020.9,,8
2007-10-27,8.7,8.1,10.4,78,0.0,,5.2,,1028.4,,7
2007-10-28,8.1,4.5,11.6,82,0.2,,9.1,,,,6
2007-10-29,9.6,7.6,11.3,91,24.0,,15.8,,,,7
2007-10-30,8.9,4.7,13.6,84,0.0,,12.1,,,,
2007-10-31,7.6,1.9,13.4,81,0.0,,8.8,,,,
2007-11-01,8.7,2.1,13.1,87,0.0,,6.8,,,,5
2007-11-02,12.2,10.6,13.6,81,0.4,,10.6,,1033.4,,8
2007-11-03,12.6,12.2,13.8,87,0.6,,11.2,,1030.3,,8
2007-11-04,11.2,10.1,14.3,76,0.0,,15.7,,1028.2,,7
2007-11-05,8.2,4.4,12.6,73,0.8,,8.4,,1029.1,,
2007-11-06,8.4,6.1,11.9,75,0.0,,13.9,,1031.7,,
2007-11-07,8.1,2.0,11.3,82,0.0,,14.0,,1029.9,,6
2007-11-08,10.4,9.4,12.7,88,3.0,,17.0,,1021.8,,
2007-11-09,6.7,4.8,9.7,67,0.6,,21.2,,1024.5,,
2007-11-10,9.6,1.0,13.5,82,0.0,,20.1,,1024.5,,7
2007-11-11,10.7,9.9,13.1,82,1.2,,21.9,,1019.0,,
2007-11-12,5.8,2.1,9.9,76,0.0,,10.7,,1024.3,,
2007-11-13,4.8,-0.4,8.1,86,5.6,,14.2,,1017.7,,6
2007-11-14,6.1,5.1,8.4,73,0.0,,18.0,,1014.4,,
2007-11-15,2.1,-1.1,4.9,74,0.0,,16.2,,1025.3,,
2007-11-16,-0.2,-3.5,4.7,75,0.0,,9.5,,1029.9,,1
2007-11-17,0.3,-5.2,7.4,79,0.0,,5.6,,1027.8,,1
2007-11-18,0.3,-3.7,4.5,89,3.4,,14.2,,1011.4,,
2007-11-19,5.9,1.6,8.8,92,5.6,,13.6,,1004.6,,8
2007-11-20,9.5,6.7,12.8,88,5.8,,10.9,,1003.9,,8
2007-11-21,10.1,7.3,12.8,87,0.0,,13.4,,1004.8,,
2007-11-22,8.4,4.2,13.7,90,0.0,,9.3,,1006.9,,4
2007-11-23,7.3,6.2,9.0,83,0.2,,16.7,,1016.8,,6
2007-11-24,3.4,0.8,8.1,81,0.6,,11.3,,1027.4,,2
2007-11-25,6.7,0.5,10.6,84,0.0,,13.0,,1025.5,,
2007-11-26,6.8,3.7,10.1,79,0.0,,10.7,,1030.7,,
2007-11-27,4.6,0.8,10.5,83,0.0,,3.2,,1030.5,,
2007-11-28,-0.2,-2.7,2.4,95,0.0,,5.2,,1023.3,,
2007-11-29,4.5,-0.7,9.3,94,0.6,,15.3,,1013.7,,8
2007-11-30,5.9,1.6,9.8,91,4.0,,15.0,,1013.9,,6
2007-12-01,9.3,7.6,11.0,82,3.6,,22.5,,1010.3,,
2007-12-02,10.1,7.1,11.9,88,17.8,,28.4,,1005.1,,7
2007-12-03,8.8,6.7,11.0,78,2.0,,24.2,,1005.0,,
2007-12-04,8.7,6.1,11.0,88,0.0,,14.0,,1019.3,,6
2007-12-05,10.9,9.9,13.1,88,1.2,,20.5,,1018.9,,
2007-12-06,10.6,8.4,13.2,91,5.8,,21.8,,1018.2,,7
2007-12-07,10.7,7.9,13.3,83,2.2,,29.0,,1007.3,,
2007-12-08,6.4,3.7,11.0,92,11.4,,19.3,,1008.2,,6
2007-12-09,8.5,7.4,9.7,83,4.0,,26.7,,993.2,,
2007-12-10,7.6,6.9,9.1,86,1.0,,24.8,,1005.9,,7
2007-12-11,5.3,3.7,7.7,82,0.2,,17.6,,1028.3,,4
2007-12-12,1.9,-1.2,6.7,91,0.0,,9.0,,1036.8,,
2007-12-13,2.1,-1.0,5.8,92,0.0,,14.4,,1039.0,,
2007-12-14,0.9,-0.2,1.8,89,0.0,,16.8,,1037.3,,
2007-12-15,0.4,-1.8,3.0,70,0.0,,19.1,,1032.9,,3
2007-12-16,-1.3,-4.6,1.8,79,0.0,,15.3,,1033.6,,0
2007-12-17,-0.8,-2.6,0.4,77,0.0,,18.8,,1030.9,,5
2007-12-18,-2.1,-4.5,0.6,79,0.0,,12.1,,1033.5,,1
2007-12-19,-2.8,-5.4,0.7,84,0.0,,8.6,,1036.6,,0
2007-12-20,-2.2,-7.1,3.3,83,0.0,,7.5,,1033.8,,0
2007-12-21,-1.1,-5.5,5.8,80,0.0,,5.0,,1027.8,,4
2007-12-22,-0.6,-6.3,9.3,82,0.0,,0.9,,1026.7,,1
2007-12-23,0.4,-4.3,9.5,84,0.0,,2.0,,1029.5,,2
2007-12-24,-0.5,-5.7,6.4,86,0.0,,4.2,,1028.9,,1
2007-12-25,1.6,-1.1,4.0,79,0.2,,12.2,,1021.9,,7
2007-12-26,2.8,0.1,4.2,96,0.0,,9.7,,1028.1,,
2007-12-27,5.4,2.8,6.5,97,0.2,,9.4,,1033.4,,
2007-12-28,5.4,4.5,6.7,96,0.0,,14.2,,1029.5,,
2007-12-29,6.5,4.9,9.0,91,1.8,,20.0,,1020.7,,
2007-12-30,5.4,2.2,9.3,91,0.0,,10.8,,1027.3,,
2007-12-31,5.0,3.8,6.4,95,0.2,,5.1,,1030.7,,7
2008-01-01,3.7,2.1,6.1,95,0.0,,7.6,,1024.8,,
2008-01-02,0.2,-0.6,2.1,84,0.0,,17.7,,1014.9,,6
2008-01-03,1.6,-2.1,6.2,90,0.4,,9.8,,1001.0,,7
2008-01-04,7.4,3.1,10.3,87,10.2,,13.4,,1005.5,,8
2008-01-05,8.4,6.0,9.5,89,0.6,,21.5,,1005.8,,7
2008-01-06,7.1,3.5,12.0,91,1.2,,12.7,,1013.1,,6
2008-01-07,9.3,7.1,11.0,80,0.2,,21.9,,1017.7,,
2008-01-08,5.5,3.9,8.0,94,0.0,,14.4,,1021.4,,
2008-01-09,7.3,5.1,10.4,86,0.8,,15.1,,1016.4,,7
2008-01-10,7.5,2.9,11.3,90,0.6,,19.5,,1014.5,,7
2008-01-11,9.3,8.3,10.9,83,4.0,,25.2,,1001.0,,
2008-01-12,6.4,4.1,9.1,75,0.0,,18.8,,1010.8,,4
2008-01-13,6.2,4.4,9.0,78,0.6,,16.9,,1012.9,,7
2008-01-14,7.6,4.4,10.6,80,0.6,,19.5,,1007.2,,
2008-01-15,8.6,7.7,9.3,85,6.4,,32.5,,1000.0,,7
2008-01-16,7.0,5.7,8.7,89,1.4,,15.1,,997.2,,7
2008-01-17,8.1,4.8,11.1,92,0.4,,18.7,,1009.0,,7
2008-01-18,10.1,7.0,12.5,90,1.4,,19.0,,1019.1,,
2008-01-19,12.6,11.2,14.9,81,0.0,,21.6,,1027.2,,7
2008-01-20,11.7,10.9,13.1,73,0.0,,16.0,,1028.5,,7
2008-01-21,10.2,9.1,11.5,78,2.8,,19.9,,1021.6,,7
2008-01-22,6.8,3.3,9.4,76,0.0,,17.2,,1024.2,,
2008-01-23,6.3,0.6,11.4,83,0.0,,10.8,,1031.8,,7
2008-01-24,7.4,5.6,10.0,80,0.2,,11.0,,1031.4,,7
2008-01-25,3.8,-1.1,10.3,84,0.0,,7.2,,1041.5,,3
2008-01-26,2.1,-2.2,9.1,87,0.0,,6.5,,1039.9,,5
2008-01-27,2.1,-3.9,11.4,78,0.0,,5.7,,1037.1,,5
2008-01-28,2.2,-3.4,7.6,89,0.0,,5.4,,1035.6,,
2008-01-29,2.8,-0.4,4.7,90,0.0,,6.6,,1030.0,,8
2008-01-30,2.2,1.5,5.0,92,2.2,,12.0,,1028.3,,6
2008-01-31,2.6,-2.2,7.7,89,13.6,,22.5,,1021.0,,
2008-02-01,5.4,3.1,7.0,93,11.2,,15.5,,1004.5,,7
2008-02-02,2.6,-2.2,7.5,82,0.0,,12.2,,1018.1,,
2008-02-03,3.4,-2.1,9.3,76,4.0,,17.0,,1010.3,,5
2008-02-04,6.2,4.4,7.5,86,3.2,,19.5,,1004.9,,6
2008-02-05,8.7,3.3,11.7,88,8.4,,28.2,,1012.8,,8
2008-02-06,9.4,6.3,12.9,76,0.0,,22.9,,1025.1,,
2008-02-07,4.9,-1.0,12.4,83,0.0,,5.0,,1037.0,,1
2008-02-08,5.6,0.5,12.4,75,0.0,,6.5,,1034.4,,1
2008-02-09,5.9,0.1,12.9,62,0.0,,7.3,,1032.3,,2
2008-02-10,5.6,-1.7,12.1,,0.0,,,,,,
2008-02-11,6.4,1.6,12.3,69,0.0,,10.9,,1032.0,,1
2008-02-12,6.1,-1.1,11.8,69,0.0,,9.2,,1032.9,,1
2008-02-13,6.0,0.8,11.4,77,0.0,,8.8,,,,
2008-02-14,2.7,-0.7,7.4,86,0.0,,11.9,,1034.5,,1
2008-02-15,0.6,-0.3,2.4,90,0.0,,17.3,,1035.0,,6
2008-02-16,1.7,-2.9,6.7,62,0.0,,17.2,,1038.5,,0
2008-02-17,1.9,-2.3,8.5,57,0.0,,10.7,,1038.4,,
2008-02-18,3.3,-4.1,11.3,70,0.0,,7.7,,1032.7,,0
2008-02-19,5.3,0.0,11.4,64,0.8,,5.9,,1023.8,,2
2008-02-20,7.8,4.3,9.4,93,1.4,,6.9,,1020.6,,8
2008-02-21,8.7,4.6,10.2,89,0.0,,12.1,,1026.8,,7
2008-02-22,9.7,6.1,14.0,84,0.0,,13.9,,1029.4,,
2008-02-23,8.9,7.3,12.9,83,0.0,,6.9,,1029.7,,6
2008-02-24,8.4,0.7,17.3,82,2.8,,8.5,,1021.3,,
2008-02-25,10.7,9.4,13.3,90,0.0,,9.8,,1022.0,,7
2008-02-26,9.2,8.3,11.3,90,3.4,,17.3,,1014.6,,6
2008-02-27,7.1,2.8,11.5,82,0.4,,10.2,,1020.8,,5
2008-02-28,9.6,6.3,12.8,94,0.2,,10.5,,1020.9,,8
2008-02-29,10.9,9.3,12.6,86,0.6,,18.5,,1018.9,,8
2008-03-01,11.9,10.7,14.3,69,0.0,,32.2,,1013.5,,5
2008-03-02,11.2,8.7,15.1,83,3.0,,21.1,,1016.6,,7
2008-03-03,8.7,6.2,10.3,72,2.0,,19.4,,1014.7,,
2008-03-04,4.7,2.8,8.0,78,0.4,,23.3,,1019.5,,
2008-03-05,3.6,-0.1,7.7,69,0.0,,18.3,,1032.5,,
2008-03-06,3.8,-1.9,9.0,83,0.2,,7.0,,1027.7,,
2008-03-07,7.6,6.0,10.1,80,0.0,,11.1,,1017.5,,8
2008-03-08,6.9,0.5,11.5,78,0.0,,13.1,,1013.0,,
2008-03-09,7.7,7.1,10.1,83,3.2,,20.1,,1003.3,,7
2008-03-10,6.9,3.8,9.8,82,3.8,,32.5,,989.4,,6
2008-03-11,9.9,5.7,14.5,81,7.4,,27.7,,996.1,,7
2008-03-12,9.8,7.8,12.5,68,0.4,,33.3,,1007.7,,
2008-03-13,8.7,5.5,12.0,76,1.0,,18.5,,1017.8,,7
2008-03-14,12.3,8.7,15.8,81,0.0,,16.8,,1014.3,,
2008-03-15,11.4,5.2,17.8,82,4.2,,10.3,,1006.8,,6
2008-03-16,10.1,9.1,14.3,86,3.4,,23.0,,1001.6,,7
2008-03-17,7.1,5.8,9.4,74,0.0,,19.9,,1013.4,,7
2008-03-18,4.6,0.8,7.3,71,0.0,,17.1,,1017.5,,
2008-03-19,5.1,1.8,9.2,69,0.0,,18.0,,,,
2008-03-20,5.2,-1.0,9.4,75,2.0,,18.6,,1019.0,,6
2008-03-21,7.2,4.8,10.3,78,5.4,,29.9,,993.1,,
2008-03-22,4.1,1.3,9.0,85,2.4,,20.7,,992.2,,6
2008-03-23,2.9,-0.8,6.8,69,3.4,,19.3,,1001.5,,
2008-03-24,3.4,0.7,6.8,81,1.4,,20.3,,999.9,,
2008-03-25,4.1,-0.5,8.4,76,0.0,,13.6,,1008.4,,
2008-03-26,7.3,4.2,10.1,82,5.0,,9.0,,1002.5,,7
2008-03-27,6.7,4.6,11.9,80,1.0,,19.1,,1001.6,,5
2008-03-28,5.6,-0.1,10.1,88,6.0,,18.6,,1008.3,,5
2008-03-29,9.3,4.1,13.8,71,0.0,,19.6,,1016.2,,4
2008-03-30,9.2,6.5,10.8,75,4.8,,13.0,,1006.6,,7
2008-03-31,8.1,4.3,14.2,84,0.8,,9.6,,1015.5,,
2008-04-01,9.1,3.9,14.4,86,0.0,,12.4,,1024.4,,5
2008-04-02,10.2,7.2,13.6,83,3.2,,16.5,,1026.5,,
2008-04-03,11.3,8.8,15.1,75,0.0,,16.8,,1027.9,,
2008-04-04,9.2,2.5,15.8,72,0.0,,7.6,,1028.6,,3
2008-04-05,8.4,6.2,12.1,80,1.8,,16.1,,1015.6,,6
2008-04-06,4.2,2.7,8.8,81,2.6,,13.3,,1005.0,,
2008-04-07,3.2,-0.5,9.6,78,0.2,1,16.6,,1005.2,,
2008-04-08,5.1,-1.0,8.9,69,0.0,,8.4,,1004.0,,6
2008-04-09,6.8,5.3,8.6,68,0.2,,12.8,,998.9,,8
2008-04-10,8.1,2.4,12.9,61,0.0,,12.5,,998.8,,6
2008-04-11,9.9,4.5,14.5,58,0.0,,15.0,,1001.6,,6
2008-04-12,8.9,3.9,15.5,77,0.4,,17.1,,1010.0,,4
2008-04-13,8.9,6.9,12.5,85,12.8,,10.8,,1011.6,,
2008-04-14,7.8,5.6,10.9,81,3.6,,15.3,,1016.2,,
2008-04-15,6.9,2.6,12.6,68,0.0,,11.2,,1022.7,,
2008-04-16,6.9,-0.7,13.2,63,0.0,,7.6,,1019.8,,1
2008-04-17,7.9,2.6,12.5,57,0.6,,26.9,,1004.9,,4
2008-04-18,10.8,6.5,14.9,81,2.2,,17.6,,993.9,,8
2008-04-19,11.9,9.4,17.1,77,0.0,,14.1,,996.0,,6
2008-04-20,12.3,7.4,16.1,76,6.2,,8.2,,999.7,,7
2008-04-21,12.2,10.5,15.3,79,0.2,,15.3,,999.1,,7
2008-04-22,13.1,6.2,19.5,80,0.0,,7.3,,1007.7,,7
2008-04-23,11.2,7.2,17.0,82,0.4,,11.3,,1018.1,,4
2008-04-24,11.2,3.1,18.3,74,1.0,,14.4,,1024.8,,3
2008-04-25,12.6,6.5,18.7,68,0.0,,9.6,,1029.7,,
2008-04-26,14.3,6.0,20.6,63,0.0,,7.6,,1026.8,,4
2008-04-27,17.4,9.3,24.7,60,0.2,,10.2,,1016.9,,6
2008-04-28,12.2,8.9,16.3,76,3.2,,13.3,,1009.0,,
2008-04-29,9.6,6.1,12.8,89,9.2,,17.9,,1002.6,,7
2008-04-30,10.3,7.7,15.0,79,2.4,,24.9,,998.1,,7
2008-05-01,9.9,6.1,15.2,79,1.0,,17.6,,1011.3,,
2008-05-02,12.2,6.7,18.7,75,0.0,,7.7,,1021.5,,5
2008-05-03,16.8,10.1,23.2,63,0.0,,8.6,,1022.7,,4
2008-05-04,17.8,11.3,24.2,60,0.0,,10.0,,,,
2008-05-05,17.4,11.9,22.2,50,0.0,,14.6,,1021.6,,5
2008-05-06,17.6,11.4,22.8,55,0.0,,14.4,,1020.8,,1
2008-05-07,18.6,9.2,24.7,59,0.0,,11.8,,1018.0,,1
2008-05-08,19.6,12.4,26.3,53,0.0,,13.6,,1013.7,,1
2008-05-09,18.1,12.4,24.1,61,0.0,,7.9,,1012.6,,4
2008-05-10,20.4,14.0,26.7,55,0.0,,13.4,,1014.2,,6
2008-05-11,19.7,14.2,25.2,47,0.0,,13.3,,1015.5,,1
2008-05-12,19.4,12.1,25.5,53,0.0,,12.1,,1014.6,,1
2008-05-13,20.3,11.0,26.6,48,0.0,,8.3,,1013.2,,
2008-05-14,18.3,13.8,25.8,68,13.0,,8.5,,1011.3,,5
2008-05-15,16.5,13.9,21.1,81,0.2,,9.2,,1009.3,,
2008-05-16,16.6,10.5,22.2,76,0.2,,8.4,,1007.2,,
2008-05-17,15.2,13.0,20.1,79,0.0,,12.8,,1006.4,,6
2008-05-18,12.8,8.8,17.4,85,2.2,,11.5,,1009.2,,6
2008-05-19,12.6,9.3,16.3,67,0.0,,20.3,,1012.8,,
2008-05-20,14.1,8.7,19.3,58,0.0,,17.2,,1014.4,,
2008-05-21,15.3,7.8,20.4,56,0.0,,10.7,,1014.7,,3
2008-05-22,16.4,13.2,20.1,57,0.0,,7.0,,1014.3,,7
2008-05-23,17.3,10.8,22.1,60,0.0,,9.6,,1011.8,,6
2008-05-24,17.9,15.5,22.3,73,2.2,,13.8,,1005.3,,7
2008-05-25,17.4,13.3,22.4,78,5.2,,11.2,,1009.2,,
2008-05-26,15.9,14.8,18.9,87,4.8,,12.4,,1007.5,,
2008-05-27,15.6,11.4,18.1,95,24.2,,8.8,,1008.2,,7
2008-05-28,17.5,14.1,22.4,78,0.0,,18.0,,1008.2,,
2008-05-29,16.9,13.3,20.9,82,0.6,,3.4,,1011.6,,
2008-05-30,18.5,14.1,23.3,80,0.2,,7.4,,1011.7,,
2008-05-31,16.2,13.5,20.0,79,0.0,,9.6,,1015.5,,6
2008-06-01,17.3,12.5,22.5,79,1.0,,9.6,,1013.8,,
2008-06-02,18.3,15.6,21.4,83,1.6,,7.3,,1011.5,,7
2008-06-03,15.3,13.3,18.9,87,1.6,,17.3,,1013.5,,7
2008-06-04,15.3,11.9,18.7,80,0.0,,12.4,,1017.6,,7
2008-06-05,16.5,13.5,20.2,61,0.2,,12.5,,1016.7,,7
2008-06-06,14.9,12.6,18.2,65,0.0,,16.6,,1016.8,,
2008-06-07,15.2,10.4,19.1,71,0.2,,14.2,,1018.5,,7
2008-06-08,16.3,9.3,21.5,71,0.0,,11.6,,1021.0,,
2008-06-09,21.4,15.3,27.5,67,0.0,,18.5,,1021.8,,
2008-06-10,21.9,15.8,27.8,61,0.0,,16.3,,1021.1,,1
2008-06-11,17.9,13.8,23.2,64,0.0,,17.7,,1021.3,,4
2008-06-12,13.8,10.0,18.2,76,4.2,,18.3,,1017.1,,
2008-06-13,13.1,5.8,17.7,66,0.0,,10.0,,1018.4,,
2008-06-14,15.2,10.0,19.8,64,0.0,,11.9,,1016.8,,6
2008-06-15,12.9,8.4,18.5,76,0.8,,7.9,,1012.3,,7
2008-06-16,15.4,11.4,19.4,73,0.0,,11.3,,1009.7,,7
2008-06-17,17.4,9.3,23.8,54,0.0,,12.4,,1012.4,,
2008-06-18,17.4,11.0,22.3,59,0.0,,13.3,,1016.3,,
2008-06-19,16.8,12.3,22.2,77,9.4,,15.9,,1015.1,,7
2008-06-20,18.6,13.7,23.8,78,0.0,,8.6,,1019.8,,7
2008-06-21,21.4,13.7,28.0,73,0.8,,6.6,,1018.9,,
2008-06-22,22.2,16.5,28.3,76,0.2,,14.5,,1014.7,,5
2008-06-23,18.3,13.1,24.1,59,0.0,,9.8,,1019.8,,4
2008-06-24,22.2,14.6,29.6,66,0.0,,8.9,,1015.7,,4
2008-06-25,22.1,19.7,26.4,64,0.0,,17.6,,1016.8,,
2008-06-26,19.9,13.9,25.3,55,0.0,,8.3,,1021.6,,
2008-06-27,18.6,13.0,22.6,66,0.0,,15.0,,1022.4,,5
2008-06-28,20.9,17.0,26.0,68,0.0,,12.1,,1021.6,,6
2008-06-29,21.2,16.6,25.6,64,0.0,,9.8,,1020.1,,
2008-06-30,20.6,14.2,26.2,56,0.0,,8.7,,1021.4,,
2008-07-01,23.8,14.5,31.9,54,0.2,,10.4,,1014.8,,1
2008-07-02,20.3,19.0,24.7,80,3.2,,11.8,,1009.9,,7
2008-07-03,17.5,14.6,23.8,73,0.4,,15.0,,1012.4,,6
2008-07-04,17.1,8.1,24.2,64,0.2,,8.8,,1017.3,,
2008-07-05,18.9,16.7,22.8,68,2.2,,13.3,,1013.6,,7
2008-07-06,17.7,11.4,23.6,59,0.0,,19.4,,1010.4,,
2008-07-07,15.9,12.9,20.6,74,14.0,,26.7,,1007.5,,
2008-07-08,16.1,13.0,20.6,78,0.4,,21.6,,1013.8,,
2008-07-09,18.2,11.4,25.2,72,0.0,,14.1,,1016.9,,
2008-07-10,21.2,14.3,28.2,67,0.8,,19.5,,1012.3,,4
2008-07-11,18.7,15.6,24.1,73,0.4,,17.3,,1010.0,,
2008-07-12,16.7,13.4,21.4,66,0.0,,16.5,,1011.9,,
2008-07-13,16.2,11.2,20.2,60,0.0,,10.9,,1015.4,,
2008-07-14,17.6,8.3,24.7,59,0.0,,8.0,,1024.0,,2
2008-07-15,20.7,11.1,28.1,61,0.0,,10.8,,1027.5,,1
2008-07-16,18.8,14.3,22.4,71,0.0,,13.1,,1023.3,,5
2008-07-17,18.9,14.0,23.9,57,0.0,,14.1,,1017.2,,
2008-07-18,18.8,14.6,23.0,63,0.2,,15.1,,1014.9,,
2008-07-19,19.8,16.6,24.8,68,0.0,,20.5,,1013.2,,
2008-07-20,16.3,10.6,21.6,63,0.0,,16.5,,1017.5,,
2008-07-21,16.2,10.1,21.3,59,0.0,,16.6,,1023.0,,
2008-07-22,18.7,8.4,26.1,53,0.0,,11.3,,1025.9,,
2008-07-23,21.4,14.2,27.5,51,0.0,,12.1,,1022.9,,0
2008-07-24,22.7,15.3,29.1,44,0.0,,17.6,,1015.5,,3
2008-07-25,21.8,16.9,28.1,60,23.6,,11.0,,1011.5,,
2008-07-26,21.2,16.3,25.8,74,0.0,,11.6,,1014.8,,
2008-07-27,23.9,18.9,29.4,61,2.0,,10.3,,1016.4,,
2008-07-28,24.6,18.5,31.6,66,1.0,,8.1,,1013.2,,4
2008-07-29,21.2,16.4,26.9,67,0.0,,13.0,,1016.3,,5
2008-07-30,23.9,14.7,31.7,61,0.0,,6.1,,1016.9,,4
2008-07-31,25.3,18.6,33.6,64,0.6,,8.0,,,,
2008-08-01,19.9,16.2,25.1,66,0.0,,17.3,,1016.4,,6
2008-08-02,18.8,14.4,25.2,78,0.8,,16.5,,1017.4,,5
2008-08-03,20.8,17.0,25.5,79,7.6,,17.4,,1015.6,,7
2008-08-04,20.6,17.2,24.9,70,0.0,,18.2,,1013.0,,6
2008-08-05,21.9,15.8,28.2,62,0.0,,8.7,,1016.4,,5
2008-08-06,24.5,15.6,32.5,62,32.0,,6.9,,1012.4,,4
2008-08-07,20.7,16.6,24.2,78,9.4,,14.2,,1007.5,,6
2008-08-08,18.3,16.2,22.7,79,0.2,,19.7,,1011.5,,7
2008-08-09,19.2,12.2,25.5,70,0.0,,13.6,,1016.4,,
2008-08-10,18.9,15.7,22.3,75,0.2,,18.9,,1010.6,,6
2008-08-11,18.0,12.8,23.4,72,4.2,,9.6,,1006.5,,
2008-08-12,20.1,15.5,24.8,68,0.0,,25.7,,997.9,,
2008-08-13,18.3,14.7,22.8,61,0.0,,27.4,,1008.9,,
2008-08-14,16.4,11.3,22.0,67,3.2,,10.8,,1015.5,,
2008-08-15,17.8,13.9,23.0,67,0.0,,9.6,,1015.8,,
2008-08-16,18.1,12.2,23.4,62,0.0,,10.8,,1011.6,,6
2008-08-17,18.6,15.6,22.7,65,0.0,,14.4,,1009.3,,7
2008-08-18,20.0,14.2,25.4,66,0.0,,17.8,,1009.7,,5
2008-08-19,18.7,15.3,23.9,68,1.0,,21.9,,1011.0,,
2008-08-20,17.9,14.9,22.0,72,0.0,,15.7,,1016.0,,7
2008-08-21,18.1,13.1,24.0,74,1.2,,11.5,,,,
2008-08-22,16.2,16.0,17.0,94,17.8,,7.9,,1014.3,,7
2008-08-23,15.4,11.3,20.8,76,0.0,,11.7,,1016.5,,4
2008-08-24,15.0,10.7,19.0,83,4.6,,9.3,,1014.8,,7
2008-08-25,18.1,13.4,22.9,77,0.2,,11.0,,1017.8,,
2008-08-26,18.3,13.6,24.0,79,0.0,,8.4,,1023.4,,
2008-08-27,18.1,12.1,23.4,77,0.0,,7.4,,1023.9,,3
2008-08-28,18.3,14.8,21.1,74,0.0,,9.0,,1022.6,,7
2008-08-29,18.4,16.9,22.1,74,0.0,,9.5,,1020.5,,5
2008-08-30,21.4,13.8,29.4,70,0.0,,10.1,,1015.1,,0
2008-08-31,21.2,17.0,26.8,72,0.0,,12.5,,1012.5,,5
2008-09-01,18.1,15.1,22.6,74,0.0,,12.9,,1017.3,,
2008-09-02,17.4,15.1,22.8,78,2.0,,18.9,,1010.8,,7
2008-09-03,13.4,10.9,16.3,89,1.8,,14.4,,1008.7,,6
2008-09-04,14.6,9.8,18.9,82,0.2,,16.0,,1007.2,,
2008-09-05,17.0,13.5,20.6,86,1.8,,17.1,,1000.5,,7
2008-09-06,17.8,14.7,21.5,66,0.4,,26.4,,1002.9,,
2008-09-07,16.4,13.8,20.5,75,0.6,,22.3,,1009.7,,
2008-09-08,15.6,10.9,21.6,75,0.0,,9.2,,1016.2,,3
2008-09-09,17.6,10.6,27.1,76,0.2,,9.0,,1014.0,,3
2008-09-10,19.4,15.5,25.6,81,0.2,,9.6,,1015.9,,
2008-09-11,19.0,14.6,27.2,82,2.2,,9.7,,1010.1,,
2008-09-12,15.2,13.0,19.7,81,0.6,,13.0,,1014.3,,
2008-09-13,13.8,7.5,18.2,80,0.2,,12.9,,1018.0,,4
2008-09-14,15.2,12.0,19.2,66,0.0,,15.9,,1021.0,,
2008-09-15,13.0,6.7,18.0,68,0.0,,10.8,,1022.9,,5
2008-09-16,13.0,8.1,18.3,63,0.0,,12.8,,1022.2,,
2008-09-17,12.1,8.4,16.5,60,0.0,,17.6,,1020.4,,6
2008-09-18,11.2,6.4,16.4,67,0.0,,10.5,,1020.3,,5
2008-09-19,12.3,5.9,19.1,66,0.0,,11.5,,1024.4,,0
2008-09-20,13.5,7.0,19.7,59,0.0,,16.2,,1027.9,,1
2008-09-21,12.6,6.9,18.0,57,0.0,,20.3,,1023.5,,3
2008-09-22,13.1,7.1,18.4,68,0.0,,15.7,,1020.7,,
2008-09-23,12.6,7.2,17.4,74,1.8,,14.4,,1019.8,,
2008-09-24,14.0,10.9,18.9,77,0.0,,7.8,,1020.7,,5
2008-09-25,14.9,10.7,20.0,73,0.0,,16.2,,1027.4,,
2008-09-26,13.7,8.3,19.0,64,0.0,,20.1,,1030.9,,1
2008-09-27,14.1,8.0,20.6,56,0.0,,15.7,,1029.3,,0
2008-09-28,12.9,6.4,20.5,66,0.0,,4.4,,1025.5,,2
2008-09-29,11.6,4.8,18.2,78,0.0,,8.3,,1020.3,,4
2008-09-30,11.3,7.5,14.2,86,1.2,,18.3,,1015.1,,6
2008-10-01,14.1,12.8,19.3,74,0.4,,26.4,,1008.1,,6
2008-10-02,10.4,8.2,15.5,72,0.6,,19.6,,1008.2,,
2008-10-03,8.2,5.3,11.5,82,1.8,,17.3,,1011.2,,
2008-10-04,9.2,2.8,14.9,72,0.6,,15.3,,,,5
2008-10-05,13.1,10.1,16.3,79,0.6,,29.1,,,,7
2008-10-06,15.6,13.5,18.5,80,0.6,,16.6,,,,7
2008-10-07,16.5,13.5,22.3,83,9.2,,13.9,,1012.9,,7
2008-10-08,13.7,10.8,16.4,81,0.0,,11.1,,1018.3,,7
2008-10-09,11.6,8.4,16.3,78,0.0,,11.0,,1030.8,,
2008-10-10,11.9,4.6,19.9,84,0.2,,3.7,,1033.1,,3
2008-10-11,12.2,6.3,18.8,90,0.2,,4.4,,1028.9,,3
2008-10-12,14.2,7.1,21.7,83,0.2,,2.7,,1025.8,,
2008-10-13,17.2,11.6,24.8,78,0.0,,8.9,,1020.9,,
2008-10-14,15.3,12.8,18.8,75,0.0,,8.1,,1022.5,,7
2008-10-15,14.7,12.7,17.0,85,1.0,,15.8,,1018.9,,8
2008-10-16,11.4,10.5,14.9,82,1.2,,12.9,,1017.1,,
2008-10-17,8.4,3.1,15.3,80,0.0,,4.1,,1021.5,,
2008-10-18,7.7,1.6,16.4,78,0.0,,3.9,,1021.7,,
2008-10-19,8.3,1.5,16.2,78,0.0,,5.3,,1023.2,,2
2008-10-20,13.5,4.7,19.9,77,1.6,,16.0,,1016.1,,3
2008-10-21,11.6,9.1,11.8,88,7.4,,11.8,,1013.6,,8
2008-10-22,8.7,6.6,13.7,83,0.0,,7.4,,1023.9,,
2008-10-23,7.3,1.3,14.5,81,0.0,,6.4,,1028.3,,
2008-10-24,9.2,4.9,12.6,78,0.0,,5.6,,1025.7,,7
2008-10-25,9.9,8.8,12.3,91,0.4,,3.7,,1031.7,,6
2008-10-26,10.9,5.2,15.2,86,13.8,,13.2,,1023.7,,
2008-10-27,10.6,8.9,14.3,87,3.4,,12.7,,1011.4,,
2008-10-28,6.4,4.3,11.4,84,0.0,,7.5,,1011.7,,
2008-10-29,2.1,-1.0,4.6,96,0.2,,5.0,,1008.3,,
2008-10-30,4.0,2.0,5.9,92,4.4,,15.1,,995.7,,7
2008-10-31,6.3,4.2,8.6,,12.2,,12.9,,,,8
2008-11-01,9.7,5.9,11.0,,4.2,,17.2,,,,8
2008-11-02,9.3,6.2,12.7,82,1.2,,14.9,,1012.1,,
2008-11-03,11.1,7.1,16.9,84,0.0,,10.1,,1010.5,,4
2008-11-04,10.7,2.6,16.9,80,2.0,,10.5,,1015.1,,4
2008-11-05,9.4,8.0,9.6,88,6.4,,18.2,,1012.5,,8
2008-11-06,9.2,7.9,10.2,96,0.0,,8.7,,1014.4,,8
2008-11-07,9.3,8.3,11.8,93,2.4,,11.7,,1013.9,,6
2008-11-08,8.4,4.1,12.5,90,4.6,,15.9,,1018.3,,5
2008-11-09,11.5,9.5,13.6,86,0.4,,21.3,,1018.0,,
2008-11-10,14.0,10.7,15.2,83,6.6,,31.8,,1015.4,,7
2008-11-11,10.8,7.8,13.3,81,0.2,,22.4,,1014.0,,
2008-11-12,7.3,4.6,10.5,89,0.0,,9.1,,1019.5,,5
2008-11-13,6.4,1.9,12.4,87,0.0,,5.9,,1026.4,,5
2008-11-14,8.1,3.3,10.0,95,0.6,,6.8,,1028.6,,7
2008-11-15,10.6,9.5,11.6,95,0.2,,6.5,,1030.2,,8
2008-11-16,11.5,10.5,12.6,90,0.8,,9.8,,1031.4,,8
2008-11-17,8.1,5.7,10.1,79,1.6,,8.5,,1031.0,,7
2008-11-18,9.4,4.9,11.7,92,0.8,,11.0,,1016.9,,8
2008-11-19,8.5,3.3,11.0,88,0.0,,10.8,,1022.9,,
2008-11-20,9.9,8.0,11.7,90,0.0,,12.8,,,,7
2008-11-21,9.5,8.3,11.5,79,3.0,,22.2,,,,7
2008-11-22,4.4,1.9,7.1,64,0.0,,17.6,,1015.6,,
2008-11-23,1.5,-3.8,7.3,87,6.4,,14.3,,1005.8,,4
2008-11-24,3.9,1.7,7.6,88,1.4,,13.0,,996.2,,
2008-11-25,3.2,-2.4,7.4,85,0.0,,13.6,,1016.2,,
2008-11-26,4.2,2.5,7.5,90,0.0,,9.1,,1027.8,,
2008-11-27,1.7,0.1,4.4,92,0.0,,12.8,,1021.9,,5
2008-11-28,1.5,0.4,3.5,91,0.0,,11.4,,1005.1,,7
2008-11-29,2.7,0.3,6.1,89,4.8,,11.0,,993.8,,7
2008-11-30,2.9,0.1,5.5,95,1.6,,10.9,,990.0,,8
2008-12-01,4.4,2.6,6.0,93,0.2,,12.3,,1000.0,,7
2008-12-02,3.6,-1.0,7.3,86,2.6,,17.8,,1009.9,,6
2008-12-03,4.1,1.9,7.7,92,3.8,,15.6,,1000.4,,
2008-12-04,4.2,-2.6,9.9,94,5.6,,14.6,,994.7,,6
2008-12-05,6.4,6.1,7.8,87,2.4,,19.8,,991.8,,6
2008-12-06,6.4,4.7,8.7,86,0.0,,14.1,,1011.0,,7
2008-12-07,2.8,0.3,3.4,95,0.0,,8.9,,1027.3,,
2008-12-08,1.6,0.5,2.4,94,0.0,,7.6,,1025.7,,7
2008-12-09,1.3,0.0,3.3,91,3.4,,8.5,,1018.2,,6
2008-12-10,2.4,-1.9,4.3,88,0.0,,11.2,,1017.2,,6
2008-12-11,-0.1,-3.4,5.1,91,0.0,,7.9,,1014.0,,4
2008-12-12,-1.3,-1.8,0.5,95,0.0,,11.0,,1018.7,,8
2008-12-13,0.0,-2.9,4.0,89,4.2,,16.9,,1001.7,,7
2008-12-14,4.0,2.5,5.1,94,1.8,,10.6,,996.7,,
2008-12-15,1.9,0.6,3.0,91,0.0,,12.6,,1012.1,,7
2008-12-16,0.7,0.2,1.5,96,0.0,,10.6,,1016.4,,8
2008-12-17,2.1,-1.3,6.4,96,1.8,,9.0,,1016.0,,7
2008-12-18,4.1,-0.5,8.6,96,0.4,,8.3,,1022.8,,6
2008-12-19,7.4,3.6,9.6,86,0.0,,13.8,,1027.1,,6
2008-12-20,8.2,3.7,11.1,89,0.0,,13.5,,1030.6,,7
2008-12-21,9.4,8.9,9.8,85,0.0,,12.5,,1036.1,,7
2008-12-22,8.9,8.3,9.8,88,0.2,,7.8,,1036.7,,8
2008-12-23,7.9,6.4,9.9,90,0.0,,10.2,,1035.8,,4
2008-12-24,4.2,-0.3,6.6,92,0.0,,8.5,,1034.1,,
2008-12-25,5.7,3.9,6.7,80,0.0,,19.6,,1030.2,,
2008-12-26,1.5,-0.6,3.9,65,0.0,,25.4,,1030.2,,0
2008-12-27,-0.7,-2.6,1.6,73,0.0,,17.5,,1030.2,,
2008-12-28,-1.9,-4.2,1.0,76,0.0,,17.0,,1026.2,,0
2008-12-29,-1.8,-4.6,2.2,78,0.2,,9.6,,1027.2,,0
2008-12-30,-0.3,-4.0,0.7,87,2.0,,10.0,,1028.1,,7
2008-12-31,1.3,0.1,3.1,90,0.0,,8.3,,1026.8,,8
2009-01-01,0.5,-0.7,1.6,94,0.0,,8.9,,1028.6,,8
2009-01-02,-0.6,-3.1,2.2,88,0.0,,13.7,,1027.0,,
2009-01-03,-1.0,-2.9,1.8,82,0.0,,17.0,,1026.6,,1
2009-01-04,-3.3,-7.5,0.1,84,0.0,,4.9,,1024.7,,4
2009-01-05,-1.4,-4.0,-0.2,86,2.2,4,9.7,,1018.5,,8
2009-01-06,-5.1,-8.4,-3.7,85,0.0,3,17.4,,1022.5,,5
2009-01-07,-5.3,-12.5,0.5,75,0.0,3,11.4,,1024.5,,3
2009-01-08,-1.1,-2.9,0.8,82,0.0,2,16.6,,1027.3,,
2009-01-09,-5.1,-8.7,-0.9,77,0.0,1,6.7,,1028.4,,0
2009-01-10,-5.3,-10.4,1.0,83,0.0,1,3.7,,1029.1,,1
2009-01-11,-3.6,-9.4,3.3,83,0.0,1,5.2,,1031.5,,3
2009-01-12,1.2,-3.1,4.8,81,1.2,1,12.9,,1024.1,,6
2009-01-13,4.2,2.6,5.7,83,0.4,,11.5,,1015.9,,8
2009-01-14,3.6,2.5,4.5,94,0.8,,7.8,,1017.3,,7
2009-01-15,2.6,-0.9,6.5,84,0.0,,9.2,,1018.3,,5
2009-01-16,2.9,-0.7,5.5,88,0.0,,9.2,,1019.8,,7
2009-01-17,6.6,4.7,8.4,94,7.6,,15.0,,1018.0,,
2009-01-18,6.9,4.3,8.4,84,12.8,,24.3,,1005.1,,
2009-01-19,7.7,4.1,11.9,84,5.6,,26.4,,993.3,,
2009-01-20,3.3,1.2,6.1,88,0.0,,14.2,,996.9,,
2009-01-21,1.9,0.7,3.6,97,0.6,,10.4,,1007.0,,7
2009-01-22,5.2,1.9,11.8,95,13.6,,20.5,,998.0,,8
2009-01-23,8.1,5.6,12.0,85,4.0,,28.8,,981.4,,
2009-01-24,3.4,2.2,6.7,86,0.0,,11.7,,990.6,,6
2009-01-25,4.1,0.6,7.4,85,0.6,,14.8,,995.4,,6
2009-01-26,4.3,3.0,4.6,94,0.0,,7.2,,1000.8,,7
2009-01-27,3.2,1.7,5.8,92,0.0,,10.3,,1014.0,,6
2009-01-28,1.9,0.1,3.6,90,0.0,,7.2,,1017.4,,7
2009-01-29,-0.2,-2.7,4.4,91,0.0,,8.5,,1018.9,,
2009-01-30,0.7,-3.3,4.6,84,0.0,,13.1,,1017.5,,3
2009-01-31,1.2,-1.2,4.0,76,0.0,,19.5,,1011.6,,4
2009-02-01,-0.6,-3.8,2.6,70,3.8,,21.2,,1004.8,,3
2009-02-02,0.9,-1.8,5.2,93,7.6,1,11.9,,994.2,,8
2009-02-03,-1.3,-4.1,3.4,86,0.0,1,6.6,,1001.0,,4
2009-02-04,-1.1,-7.4,5.3,95,5.0,,5.1,,996.7,,6
2009-02-05,6.4,0.9,10.9,87,0.0,,10.9,,991.9,,7
2009-02-06,5.8,1.9,10.7,84,0.4,,7.7,,990.2,,5
2009-02-07,1.6,-0.1,3.3,94,0.8,,12.9,,993.7,,6
2009-02-08,1.4,-2.8,6.8,87,0.8,,12.1,,1006.5,,6
2009-02-09,5.6,0.8,11.8,96,11.4,,18.9,,1002.6,,8
2009-02-10,5.7,3.5,5.8,86,0.8,,32.8,,999.4,,
2009-02-11,2.6,-2.4,7.3,86,2.4,,9.9,,1018.4,,
2009-02-12,3.1,1.2,5.4,78,2.0,,14.7,,1023.2,,
2009-02-13,1.3,-0.5,2.6,95,1.0,1,11.3,,1022.0,,8
2009-02-14,1.3,-0.8,4.4,80,0.0,,12.1,,1027.5,,
2009-02-15,0.8,-3.8,6.1,77,0.0,,5.5,,1030.5,,6
2009-02-16,5.6,1.0,9.0,84,0.2,,11.4,,1026.6,,8
2009-02-17,7.4,4.4,10.2,88,0.2,,17.5,,1024.7,,8
2009-02-18,5.2,4.1,6.4,89,0.0,,12.1,,1025.4,,7
2009-02-19,2.3,-4.4,8.5,68,0.0,,5.0,,1028.6,,4
2009-02-20,6.8,4.4,10.0,79,0.0,,7.5,,1031.7,,7
2009-02-21,6.6,4.6,9.2,83,0.0,,7.1,,1033.0,,7
2009-02-22,7.1,3.0,9.2,89,0.2,,12.3,,1028.7,,7
2009-02-23,7.1,5.9,8.4,86,0.4,,10.8,,1024.4,,7
2009-02-24,6.4,4.4,7.5,80,0.2,,13.0,,1026.6,,7
2009-02-25,5.1,-0.9,11.2,72,0.0,,5.1,,1030.4,,5
2009-02-26,4.9,-0.6,9.4,86,0.0,,9.3,,1027.0,,
2009-02-27,4.3,0.6,7.7,93,0.0,,8.0,,1023.7,,4
2009-02-28,7.1,0.7,14.4,86,0.0,,7.1,,1015.6,,
2009-03-01,7.8,3.7,13.3,86,0.0,,9.4,,1009.3,,6
2009-03-02,6.5,4.7,12.2,,0.0,,,,,,
2009-03-03,5.8,-0.5,11.8,74,0.4,,13.5,,1013.5,,
2009-03-04,4.7,3.0,7.5,83,8.8,,19.6,,989.1,,7
2009-03-05,1.7,-1.3,6.0,91,0.0,,8.4,,991.7,,
2009-03-06,4.9,1.5,9.7,72,0.0,,16.1,,1006.0,,
2009-03-07,5.3,-0.9,11.1,83,0.0,,8.5,,1014.5,,5
2009-03-08,8.3,6.3,10.8,84,2.6,,18.9,,1010.9,,6
2009-03-09,5.8,3.0,10.7,75,1.2,,18.1,,1016.3,,
2009-03-10,7.8,4.9,12.5,81,2.8,,22.0,,1015.0,,
2009-03-11,7.1,0.6,12.5,72,0.0,,6.4,,1024.7,,
2009-03-12,9.1,5.2,13.3,79,0.0,,11.3,,1025.6,,8
2009-03-13,9.0,5.8,13.2,75,0.0,,7.4,,1022.9,,7
2009-03-14,8.7,3.6,13.3,78,0.0,,10.8,,1019.9,,7
2009-03-15,9.4,2.4,14.4,70,0.0,,9.8,,1030.2,,
2009-03-16,9.1,3.8,14.9,71,0.0,,9.6,,1033.0,,3
2009-03-17,9.7,2.7,16.3,74,0.0,,9.6,,1032.6,,4
2009-03-18,10.9,5.5,16.9,57,0.0,,14.6,,,,
2009-03-19,9.9,2.4,16.2,43,0.0,,13.9,,1025.5,,2
2009-03-20,7.2,2.8,12.0,50,0.0,,16.4,,1029.4,,1
2009-03-21,5.9,-2.0,12.4,43,0.0,,7.3,,1030.0,,0
2009-03-22,5.0,-0.3,10.4,76,0.0,,11.6,,1030.4,,
2009-03-23,8.3,2.3,15.8,75,1.6,,19.6,,,,
2009-03-24,5.9,3.0,9.8,65,0.0,,20.6,,1016.8,,
2009-03-25,7.2,1.7,12.1,76,2.8,,23.6,,1009.7,,
2009-03-26,8.1,5.7,10.0,81,2.8,,22.0,,1010.3,,6
2009-03-27,8.6,5.7,11.7,73,2.6,,21.4,,,,6
2009-03-28,7.1,4.8,11.5,78,3.0,,17.6,,1000.6,,
2009-03-29,5.7,1.8,10.6,71,0.0,,13.0,,1012.4,,
2009-03-30,6.6,0.8,11.7,57,0.0,,10.1,,1020.4,,2
2009-03-31,9.1,2.7,14.5,54,0.0,,15.3,,1021.5,,0
2009-04-01,11.1,4.5,17.3,53,0.0,,22.3,,1016.5,,2
2009-04-02,12.3,6.9,18.8,63,0.0,,13.9,,1015.2,,1
2009-04-03,12.9,6.7,18.7,75,0.0,,6.6,,1016.9,,5
2009-04-04,10.9,6.9,14.2,72,0.0,,11.1,,1021.1,,
2009-04-05,11.9,7.6,16.3,72,0.0,,5.4,,1022.6,,6
2009-04-06,14.2,8.1,21.3,61,6.8,,9.3,,1012.5,,4
2009-04-07,12.2,10.4,16.2,75,0.2,,11.7,,1011.1,,
2009-04-08,10.2,6.5,13.5,86,1.4,,19.8,,1014.3,,6
2009-04-09,15.3,11.4,20.7,70,0.0,,15.4,,1013.3,,6
2009-04-10,15.2,12.0,20.6,60,0.0,,14.0,,1005.4,,5
2009-04-11,14.4,9.4,20.1,68,7.4,,9.9,,1007.6,,6
2009-04-12,14.3,10.9,19.2,80,0.0,,10.7,,1011.7,,
2009-04-13,13.7,9.3,19.7,77,0.0,,10.0,,1011.5,,6
2009-04-14,15.2,8.6,20.5,75,0.6,,6.4,,1008.2,,5
2009-04-15,15.7,12.0,21.9,68,1.4,,13.7,,1004.5,,6
2009-04-16,11.4,9.9,14.4,77,0.0,,8.1,,1007.4,,6
2009-04-17,11.7,6.5,16.4,71,0.0,,13.3,,1010.3,,6
2009-04-18,9.9,6.9,11.8,89,5.2,,9.3,,1014.3,,8
2009-04-19,12.2,9.7,17.4,80,0.0,,10.4,,1018.6,,7
2009-04-20,14.3,8.1,20.4,69,0.0,,16.6,,1023.5,,3
2009-04-21,14.2,8.5,20.0,67,0.0,,17.1,,1024.5,,1
2009-04-22,13.5,5.9,19.4,62,0.0,,11.0,,1025.4,,3
2009-04-23,12.9,5.4,18.3,51,0.0,,8.7,,1023.3,,4
2009-04-24,12.7,6.1,18.3,53,0.0,,14.1,,1016.5,,2
2009-04-25,10.3,7.4,13.0,75,1.4,,12.4,,1010.4,,6
2009-04-26,11.5,8.5,15.1,81,0.0,,5.8,,1009.4,,7
2009-04-27,10.8,7.5,16.1,76,13.2,,19.0,,1003.8,,
2009-04-28,8.4,4.2,13.3,85,6.2,,10.2,,1002.5,,6
2009-04-29,9.9,6.5,15.0,82,0.0,,8.4,,1009.1,,
2009-04-30,11.5,3.6,18.5,74,0.0,,5.9,,1017.6,,2
2009-05-01,14.0,4.9,21.2,69,0.0,,8.8,,1023.6,,2
2009-05-02,13.0,5.4,18.3,74,0.0,,9.1,,1029.7,,4
2009-05-03,11.7,7.7,15.5,77,0.0,,10.6,,1027.8,,6
2009-05-04,11.5,4.9,16.1,62,0.0,,11.3,,1027.8,,
2009-05-05,12.2,6.4,16.6,75,0.0,,14.0,,1026.1,,6
2009-05-06,13.1,8.3,16.8,73,0.0,,13.2,,1022.9,,
2009-05-07,16.1,6.4,24.2,73,1.0,,7.0,,1017.0,,2
2009-05-08,14.5,11.7,18.6,73,0.0,,12.3,,1016.0,,6
2009-05-09,12.6,9.8,16.6,77,4.4,,6.2,,1017.7,,6
2009-05-10,14.9,9.5,20.7,85,3.2,,10.1,,1016.4,,7
2009-05-11,14.6,13.9,16.0,91,20.4,,14.1,,1014.4,,8
2009-05-12,15.6,11.9,20.4,84,0.0,,13.5,,1012.9,,
2009-05-13,17.2,13.4,22.7,82,20.0,,8.2,,1012.9,,7
2009-05-14,15.3,12.8,18.7,90,7.0,,7.2,,1007.8,,7
2009-05-15,12.6,11.8,15.7,84,4.2,,15.0,,1008.0,,6
2009-05-16,12.6,8.4,16.9,82,11.0,,15.7,,1012.5,,7
2009-05-17,12.3,9.7,16.1,85,0.6,,14.8,,1013.7,,6
2009-05-18,12.8,7.8,18.9,75,0.0,,13.6,,1019.2,,
2009-05-19,13.8,6.6,20.0,74,0.0,,7.0,,1021.1,,4
2009-05-20,16.2,7.2,23.0,71,0.0,,5.3,,1020.2,,
2009-05-21,17.5,11.6,23.5,71,0.0,,8.0,,1014.8,,6
2009-05-22,15.9,8.4,21.2,55,0.0,,10.1,,1018.4,,
2009-05-23,17.1,10.0,22.2,62,0.2,,12.9,,1016.9,,4
2009-05-24,21.7,12.8,29.3,69,0.0,,6.9,,1017.2,,
2009-05-25,23.2,17.1,29.2,73,4.2,,11.5,,1013.5,,3
2009-05-26,14.8,13.5,17.3,77,0.0,,21.8,,1016.5,,6
2009-05-27,12.7,6.2,16.6,70,0.0,,14.7,,1028.3,,
2009-05-28,15.3,13.1,18.1,83,0.0,,11.9,,1030.5,,7
2009-05-29,17.4,11.7,22.1,66,0.0,,16.6,,1028.8,,
2009-05-30,17.9,11.0,23.3,46,0.0,,21.1,,1021.9,,0
2009-05-31,17.7,12.1,23.0,60,0.0,,16.0,,1020.6,,
2009-06-01,19.5,12.7,25.2,64,0.0,,16.4,,1020.4,,4
2009-06-02,19.3,14.8,23.6,56,0.0,,19.0,,1020.8,,1
2009-06-03,17.7,12.1,23.0,61,0.0,,14.0,,1019.7,,4
2009-06-04,14.2,9.7,19.0,58,0.0,,13.8,,1017.6,,4
2009-06-05,13.9,8.0,18.7,55,0.2,,16.2,,1010.3,,5
2009-06-06,12.1,9.3,14.4,75,9.0,,9.6,,1000.6,,7
2009-06-07,13.0,11.0,17.3,79,3.2,,13.9,,1003.3,,
2009-06-08,12.1,8.0,15.4,89,11.6,,9.9,,1006.8,,6
2009-06-09,14.1,10.0,19.2,87,7.4,,18.6,,1007.7,,6
2009-06-10,14.2,10.7,17.9,88,7.6,,16.6,,1012.5,,
2009-06-11,15.7,11.0,20.8,69,0.0,,19.7,,1018.2,,
2009-06-12,16.8,10.0,22.9,73,0.0,,6.2,,1022.4,,6
2009-06-13,19.6,12.0,25.6,67,0.0,,5.8,,1020.8,,
2009-06-14,22.3,15.4,28.3,66,6.6,,9.4,,1017.6,,5
2009-06-15,16.7,15.4,18.0,88,10.6,,9.3,,1017.0,,7
2009-06-16,16.7,10.5,22.7,71,0.2,,9.1,,1023.4,,
2009-06-17,18.7,9.6,25.2,67,0.0,,7.8,,1021.1,,4
2009-06-18,18.1,12.9,21.2,77,0.2,,9.6,,1019.7,,
2009-06-19,16.2,12.9,20.5,60,0.0,,15.2,,1022.1,,
2009-06-20,13.7,8.7,18.7,70,0.0,,11.9,,1024.6,,6
2009-06-21,15.3,7.5,21.3,69,0.0,,13.3,,1024.2,,4
2009-06-22,16.2,12.6,20.5,60,0.0,,15.2,,1026.0,,
2009-06-23,17.1,9.2,22.5,57,0.0,,17.2,,1025.4,,1
2009-06-24,19.9,14.1,24.8,56,0.0,,19.6,,1017.0,,2
2009-06-25,21.8,17.0,26.7,63,0.2,,12.9,,1010.6,,
2009-06-26,20.8,18.1,24.9,74,0.2,,12.9,,1011.1,,7
2009-06-27,20.3,12.8,26.8,65,0.0,,11.6,,,,
2009-06-28,22.1,15.3,27.7,63,0.0,,9.0,,1015.4,,
2009-06-29,24.3,15.9,29.6,59,0.0,,10.5,,1017.0,,1
2009-06-30,24.7,16.4,30.4,56,0.0,,10.5,,1019.4,,2
2009-07-01,24.8,17.9,30.1,59,0.0,,12.0,,1020.3,,1
2009-07-02,25.4,18.2,32.4,58,0.0,,9.8,,1016.4,,
2009-07-03,22.9,18.1,27.8,62,0.0,,13.4,,1015.3,,
2009-07-04,22.7,16.9,28.2,56,0.0,,7.2,,1014.2,,3
2009-07-05,22.7,18.7,27.3,58,0.0,,11.4,,1011.5,,
2009-07-06,19.2,14.7,23.7,64,0.2,,16.3,,1011.0,,
2009-07-07,16.9,14.1,23.3,71,2.2,,17.6,,1009.8,,
2009-07-08,15.9,13.5,20.6,80,6.2,,16.4,,1013.9,,
2009-07-09,15.9,11.5,21.1,67,0.0,,14.6,,1017.5,,5
2009-07-10,15.7,10.3,20.3,63,0.0,,12.9,,1018.6,,6
2009-07-11,18.6,13.7,22.9,64,1.4,,8.0,,1017.4,,7
2009-07-12,20.3,16.5,27.4,77,0.2,,11.8,,1011.4,,6
2009-07-13,19.3,14.1,25.2,71,0.0,,10.8,,1012.1,,
2009-07-14,20.8,14.6,27.5,64,0.0,,12.3,,1011.9,,4
2009-07-15,20.7,14.0,26.7,55,0.0,,16.0,,1017.5,,3
2009-07-16,22.8,13.8,31.6,53,5.2,,9.4,,1018.3,,4
2009-07-17,16.8,15.0,20.4,76,4.6,,19.6,,1011.6,,7
2009-07-18,16.7,13.1,22.3,73,1.0,,22.5,,1015.5,,
2009-07-19,17.8,13.8,22.4,70,0.0,,18.4,,1016.9,,6
2009-07-20,19.4,13.0,25.7,60,0.0,,11.8,,1018.0,,
2009-07-21,24.6,16.9,31.4,56,0.6,,11.2,,1010.1,,7
2009-07-22,21.9,18.0,28.8,69,10.6,,13.5,,1006.4,,6
2009-07-23,18.7,16.9,22.8,84,4.0,,13.1,,1006.4,,
2009-07-24,17.6,14.9,23.3,74,1.6,,17.1,,1015.8,,6
2009-07-25,17.7,11.9,23.8,70,0.0,,11.1,,1024.1,,
2009-07-26,19.9,12.2,26.9,60,0.0,,8.8,,1020.7,,5
2009-07-27,17.8,13.3,24.1,72,1.4,,10.4,,1014.5,,3
2009-07-28,19.1,11.6,25.7,62,0.0,,9.2,,1020.1,,3
2009-07-29,20.8,11.4,28.2,57,1.0,,10.2,,1015.9,,6
2009-07-30,18.3,12.7,23.8,59,0.2,,17.6,,1022.1,,
2009-07-31,19.5,14.1,25.5,50,0.0,,8.6,,1022.1,,6
2009-08-01,21.6,15.6,28.3,51,4.8,,9.8,,1011.9,,
2009-08-02,17.7,15.0,21.8,75,0.0,,13.0,,1013.2,,7
2009-08-03,18.6,14.3,24.4,55,0.0,,7.2,,,,
2009-08-04,20.4,11.7,27.7,61,0.0,,7.7,,,,
2009-08-05,23.4,16.0,30.5,48,0.0,,8.2,,1018.3,,5
2009-08-06,24.7,15.2,32.5,48,0.6,,7.8,,1016.6,,3
2009-08-07,20.8,18.7,24.6,72,0.2,,15.6,,1018.6,,6
2009-08-08,20.6,17.1,24.1,69,0.0,,9.9,,1019.9,,7
2009-08-09,22.4,17.0,27.4,57,0.0,,14.0,,1017.2,,6
2009-08-10,23.0,16.8,28.5,51,0.0,,12.5,,1017.1,,5
2009-08-11,20.8,18.3,25.0,69,0.0,,11.0,,1020.7,,6
2009-08-12,21.9,12.8,30.8,63,0.0,,10.5,,1021.6,,1
2009-08-13,20.6,18.3,25.4,73,0.0,,12.6,,1018.6,,
2009-08-14,21.3,16.0,27.4,59,0.0,,7.8,,1018.5,,4
2009-08-15,24.0,13.3,33.3,49,0.0,,6.4,,1016.0,,1
2009-08-16,24.2,16.2,32.0,59,0.0,,9.4,,1016.2,,2
2009-08-17,20.6,16.0,27.2,64,0.0,,13.4,,1016.8,,4
2009-08-18,21.2,11.4,29.6,57,0.0,,4.8,,1019.6,,4
2009-08-19,26.7,15.2,35.8,50,0.0,,6.8,,1017.2,,0
2009-08-20,25.2,21.8,32.3,56,0.0,,13.4,,1016.0,,5
2009-08-21,20.5,16.1,25.6,46,0.0,,11.0,,1022.6,,
2009-08-22,21.0,14.6,26.8,44,0.0,,9.2,,1023.5,,4
2009-08-23,21.8,13.0,29.0,43,0.0,,9.5,,1017.9,,1
2009-08-24,19.9,13.3,29.5,64,18.4,,6.5,,1008.8,,4
2009-08-25,19.1,16.2,24.2,74,0.0,,9.3,,1011.7,,6
2009-08-26,19.7,12.8,26.6,61,0.0,,11.9,,1015.0,,
2009-08-27,20.1,14.8,26.5,70,0.0,,12.2,,1016.1,,3
2009-08-28,18.8,15.5,24.0,55,0.0,,20.3,,1017.4,,3
2009-08-29,17.2,10.3,23.7,58,0.0,,14.5,,1022.7,,2
2009-08-30,17.3,8.1,24.5,58,0.0,,7.0,,1022.2,,3
2009-08-31,21.5,11.8,29.8,45,0.0,,8.8,,1014.8,,0
2009-09-01,18.9,15.7,20.6,72,9.0,,11.4,,1011.9,,
2009-09-02,16.8,11.8,21.9,70,1.8,,16.0,,1014.3,,6
2009-09-03,16.7,14.7,21.3,72,8.4,,22.8,,1007.4,,
2009-09-04,14.1,11.7,18.0,80,11.8,,15.0,,1011.6,,5
2009-09-05,14.1,9.5,19.6,73,0.2,,12.8,,1024.1,,
2009-09-06,15.1,7.6,21.9,73,0.0,,5.8,,1025.6,,
2009-09-07,17.3,9.6,26.4,70,0.2,,5.0,,1020.8,,2
2009-09-08,19.8,11.4,29.0,68,0.0,,5.6,,1020.7,,3
2009-09-09,18.6,12.5,24.3,74,0.0,,11.7,,1022.9,,5
2009-09-10,17.9,15.2,22.6,74,0.2,,21.2,,1028.7,,5
2009-09-11,16.3,13.1,21.3,65,0.0,,23.8,,1029.8,,5
2009-09-12,16.4,12.3,21.1,65,0.0,,23.5,,1025.4,,
2009-09-13,15.6,11.4,19.2,69,0.0,,19.6,,1023.4,,
2009-09-14,14.8,11.7,19.2,75,3.6,,20.7,,1019.8,,
2009-09-15,13.7,11.8,18.3,77,0.0,,15.6,,1015.8,,6
2009-09-16,16.0,11.2,20.2,79,0.0,,20.4,,1014.2,,7
2009-09-17,16.6,14.3,18.4,77,0.0,,21.4,,1015.6,,8
2009-09-18,18.9,15.0,24.2,73,0.0,,14.1,,1014.8,,
2009-09-19,18.9,15.0,24.5,72,0.0,,7.0,,1014.7,,
2009-09-20,18.3,13.5,23.5,78,0.0,,8.6,,1019.9,,5
2009-09-21,17.6,14.1,22.6,76,0.0,,9.2,,1025.1,,3
2009-09-22,16.9,10.7,24.6,73,0.2,,6.5,,1026.9,,
2009-09-23,15.3,8.8,22.6,74,0.0,,6.9,,1027.2,,3
2009-09-24,16.0,10.9,21.8,84,0.0,,7.6,,1025.2,,
2009-09-25,15.3,9.8,21.2,65,0.0,,12.4,,1026.0,,1
2009-09-26,14.9,9.0,21.5,64,0.0,,11.0,,1025.7,,0
2009-09-27,16.0,9.0,23.3,64,0.0,,8.0,,1025.7,,0
2009-09-28,15.9,9.0,22.3,68,0.0,,8.3,,1025.8,,3
2009-09-29,16.2,10.9,22.1,72,0.0,,7.1,,1023.1,,
2009-09-30,15.8,10.7,22.2,79,0.0,,5.4,,1019.3,,5
2009-10-01,15.6,10.2,20.2,70,0.0,,9.7,,1017.8,,
2009-10-02,11.8,5.9,18.5,,0.0,,,,,,
2009-10-03,11.9,5.0,18.1,71,0.0,,13.2,,1017.3,,
2009-10-04,15.0,12.6,18.6,64,0.2,,14.4,,1015.8,,7
2009-10-05,15.7,11.8,20.3,81,12.8,,12.9,,1012.5,,7
2009-10-06,18.2,15.1,23.0,89,0.8,,9.3,,1012.8,,
2009-10-07,19.3,15.1,25.4,82,2.4,,9.8,,1011.3,,6
2009-10-08,17.5,15.3,22.2,87,0.0,,9.2,,1014.0,,
2009-10-09,15.6,13.3,18.1,90,8.8,,9.9,,1017.1,,7
2009-10-10,15.3,14.2,20.4,83,0.4,,13.8,,1016.4,,5
2009-10-11,13.3,9.1,16.9,88,0.6,,12.2,,1018.5,,6
2009-10-12,12.8,9.9,16.6,75,0.0,,16.2,,1023.6,,
2009-10-13,11.1,5.4,15.5,79,0.0,,7.7,,1030.0,,
2009-10-14,9.4,8.0,12.3,63,0.0,,15.9,,1029.7,,
2009-10-15,5.9,0.3,11.7,68,0.0,,15.8,,1030.8,,
2009-10-16,8.4,1.8,13.8,80,0.4,,12.5,,1029.6,,
2009-10-17,9.6,7.8,13.8,77,0.6,,12.5,,1026.8,,
2009-10-18,7.2,3.0,12.4,76,0.0,,7.1,,1024.9,,
2009-10-19,5.2,-0.7,11.4,75,0.2,,7.8,,1017.6,,3
2009-10-20,9.7,2.3,16.3,72,0.8,,8.8,,1002.8,,6
2009-10-21,12.1,10.8,12.5,83,5.4,,8.3,,998.6,,8
2009-10-22,11.9,9.7,16.1,85,2.2,,7.9,,1001.2,,
2009-10-23,11.6,9.6,14.5,90,1.4,,10.8,,1011.8,,6
2009-10-24,14.9,10.6,17.7,94,1.4,,13.6,,1012.9,,8
2009-10-25,11.5,9.2,16.5,88,0.2,,9.5,,1017.7,,
2009-10-26,10.3,6.3,17.6,84,0.0,,8.9,,1021.4,,3
2009-10-27,9.3,2.9,17.1,85,0.0,,6.3,,1022.0,,4
2009-10-28,9.8,4.7,17.5,86,0.0,,3.2,,1019.9,,7
2009-10-29,10.3,6.2,15.8,89,0.0,,8.0,,1022.3,,5
2009-10-30,8.1,6.7,9.7,94,0.0,,8.7,,1024.1,,8
2009-10-31,10.6,4.8,15.9,91,0.4,,6.7,,1024.1,,8
2009-11-01,14.2,11.5,17.8,94,14.2,,14.8,,1012.2,,8
2009-11-02,9.2,7.4,11.7,87,1.0,,14.0,,1005.3,,6
2009-11-03,10.2,6.0,13.2,93,5.2,,17.6,,996.8,,8
2009-11-04,9.2,7.2,12.7,82,0.8,,21.5,,993.1,,
2009-11-05,8.5,6.6,12.7,87,4.2,,16.2,,998.0,,
2009-11-06,7.9,5.0,12.2,86,2.2,,13.9,,1007.0,,
2009-11-07,7.9,4.0,11.6,88,0.8,,14.9,,1000.5,,6
2009-11-08,6.4,4.1,9.4,89,0.0,,13.2,,1003.7,,
2009-11-09,6.6,3.5,9.7,86,0.0,,14.6,,1015.0,,5
2009-11-10,5.6,1.6,9.6,91,0.0,,7.7,,1014.4,,
2009-11-11,5.6,3.2,10.5,92,0.0,,8.8,,1010.5,,
2009-11-12,10.4,3.9,13.5,90,0.0,,11.8,,1008.5,,7
2009-11-13,14.6,11.2,18.3,77,0.0,,15.5,,1008.6,,7
2009-11-14,13.4,10.9,14.8,72,1.2,,25.2,,1006.3,,5
2009-11-15,11.8,10.1,14.5,82,4.4,,13.6,,1011.6,,
2009-11-16,13.2,10.3,15.5,89,3.2,,15.5,,1008.1,,7
2009-11-17,10.5,9.7,10.7,93,3.2,,11.4,,1014.5,,7
2009-11-18,10.3,8.4,13.8,87,0.0,,18.0,,1022.3,,
2009-11-19,9.1,5.5,13.6,91,0.0,,10.2,,1021.5,,
2009-11-20,11.9,8.1,16.1,84,1.2,,10.7,,1020.5,,4
2009-11-21,13.9,11.1,16.2,77,5.8,,9.8,,1020.2,,7
2009-11-22,11.4,9.6,14.0,82,0.8,,25.0,,1013.6,,6
2009-11-23,11.2,7.9,13.5,84,5.4,,28.1,,1012.1,,7
2009-11-24,13.2,12.2,14.5,82,0.0,,23.2,,1016.4,,7
2009-11-25,9.7,8.9,12.2,85,4.0,,20.2,,1010.6,,
2009-11-26,9.2,7.1,12.2,84,1.6,,24.1,,1011.4,,
2009-11-27,8.7,6.5,11.2,79,0.0,,23.7,,1007.9,,
2009-11-28,9.2,6.5,11.1,85,3.6,,27.0,,1003.9,,7
2009-11-29,8.8,7.0,9.8,77,4.8,,23.1,,995.0,,7
2009-11-30,5.8,4.2,7.2,89,0.0,,12.1,,997.7,,
2009-12-01,6.6,4.4,9.0,81,0.0,,14.5,,1011.2,,6
2009-12-02,7.0,4.1,10.3,89,2.8,,17.1,,1006.8,,8
2009-12-03,8.2,5.5,10.9,85,1.2,,20.9,,1003.8,,
2009-12-04,5.1,0.4,9.2,84,2.8,,11.6,,1011.1,,
2009-12-05,9.6,5.2,12.7,91,3.0,,22.0,,,,7
2009-12-06,10.6,7.5,13.4,84,1.0,,21.6,,,,6
2009-12-07,6.9,3.7,10.3,94,3.0,,12.9,,1009.4,,
2009-12-08,6.5,3.9,8.7,87,4.2,,13.6,,1015.8,,5
2009-12-09,10.9,7.1,13.2,97,2.6,,8.8,,1022.4,,8
2009-12-10,8.9,5.6,12.2,87,0.0,,11.0,,1028.4,,
2009-12-11,5.8,0.7,9.6,87,0.0,,13.8,,1029.4,,
2009-12-12,4.1,2.5,5.1,82,0.0,,21.1,,,,
2009-12-13,1.5,-0.1,3.2,81,0.0,,21.6,,1022.7,,
2009-12-14,-0.4,-2.4,0.8,70,0.0,,22.8,,1019.4,,4
2009-12-15,-1.5,-4.7,-0.1,69,0.0,,16.2,,1017.9,,
2009-12-16,-1.9,-3.6,1.4,71,0.0,,7.4,,1014.2,,
2009-12-17,-1.8,-6.1,0.8,90,4.4,4,7.3,,1007.8,,8
2009-12-18,-2.3,-4.4,-0.6,86,0.2,4,16.1,,1007.4,,
2009-12-19,-3.7,-7.8,-1.1,74,0.0,3,8.0,,1011.5,,
2009-12-20,-1.5,-4.4,1.6,92,1.0,2,14.0,,1004.4,,5
2009-12-21,0.1,-5.1,2.7,96,9.0,3,5.9,,996.4,,
2009-12-22,1.9,0.3,2.1,97,0.0,1,7.5,,989.3,,8
2009-12-23,1.9,-0.5,4.8,96,0.0,,7.4,,996.0,,
2009-12-24,2.6,-1.6,6.5,97,7.8,,8.1,,988.1,,
2009-12-25,4.3,2.5,7.8,85,0.0,,19.0,,999.9,,4
2009-12-26,1.6,-0.9,6.2,89,0.0,,10.5,,1009.5,,3
2009-12-27,4.3,0.5,8.7,83,0.0,,17.2,,1007.1,,
2009-12-28,2.8,0.6,6.2,93,8.4,,8.5,,1005.3,,6
2009-12-29,8.4,2.9,12.7,94,3.6,,13.6,,996.5,,7
2009-12-30,9.9,9.0,11.8,90,8.2,,15.1,,994.0,,7
2009-12-31,5.6,2.2,8.6,94,0.0,,13.0,,993.8,,8
2010-01-01,,-0.4,1.0,,0.0,,,,,,
2010-01-02,,-4.2,4.3,,0.0,,,,,,
2010-01-03,,-3.3,3.9,,0.0,,,,,,
2010-01-04,,-7.4,-1.9,,0.0,,,,,,
2010-01-05,,-7.8,-0.5,,0.0,,,,,,
2010-01-06,,-6.2,-2.6,,1.4,,,,,,
2010-01-07,,-8.0,-1.6,,2.2,,,,,,
2010-01-08,,-13.3,-2.9,,0.0,,,,,,
2010-01-09,,-3.8,-1.2,,0.0,,,,,,
2010-01-10,,-1.7,-0.5,,0.0,,,,,,
2010-01-11,,-1.5,1.8,,0.0,,,,,,
2010-01-12,,-1.0,0.4,,0.2,,,,,,
2010-01-13,,-2.1,3.1,,0.2,,,,,,
2010-01-14,,1.2,5.2,,0.0,,,,,,
2010-01-15,,-0.1,4.2,,0.0,,,,,,
2010-01-16,,2.4,9.2,,8.6,,,,,,
2010-01-17,,4.9,10.4,,0.2,,,,,,
2010-01-18,,0.1,4.5,,0.2,,,,,,
2010-01-19,,0.6,1.8,,0.2,,,,,,
2010-01-20,,-0.3,6.0,,9.6,,,,,,
2010-01-21,,3.5,7.8,,0.0,,,,,,
2010-01-22,,3.3,8.4,,0.0,,,,,,
2010-01-23,,2.5,4.4,,1.4,,,,,,
2010-01-24,,2.0,6.4,,1.8,,,,,,
2010-01-25,,0.5,6.6,,0.0,,,,,,
2010-01-26,,-1.6,-0.1,,0.0,,,,,,
2010-01-27,,-5.6,3.1,,0.4,,,,,,
2010-01-28,,0.2,6.2,,0.6,,,,,,
2010-01-29,,2.5,7.0,,8.4,,,,,,
2010-01-30,,-3.3,3.4,,0.2,,,,,,
2010-01-31,,-5.2,4.5,,0.0,,,,,,
2010-02-01,,-1.7,5.9,,0.4,,,,,,
2010-02-02,,-1.4,7.8,,1.6,,,,,,
2010-02-03,,5.8,10.6,,0.2,,,,,,
2010-02-04,,3.1,10.3,,10.0,,,,,,
2010-02-05,,5.2,11.9,,2.4,,,,,,
2010-02-06,,4.4,8.8,,3.8,,,,,,
2010-02-07,,3.0,6.2,,0.0,,,,,,
2010-02-08,,2.2,4.2,,0.2,,,,,,
2010-02-09,,-2.5,-0.6,,0.0,,,,,,
2010-02-10,,-5.6,3.1,,1.4,,,,,,
2010-02-11,,-4.8,-1.6,,0.2,,,,,,
2010-02-12,,-4.0,0.7,,0.0,,,,,,
2010-02-13,,-4.9,-2.2,,0.0,,,,,,
2010-02-14,,-2.8,2.6,,0.0,,,,,,
2010-02-15,,-2.9,3.1,,0.0,,,,,,
2010-02-16,,-6.3,4.3,,0.0,,,,,,
2010-02-17,,-5.0,4.3,,0.2,,,,,,
2010-02-18,,1.0,11.1,,1.2,,,,,,
2010-02-19,,1.4,8.3,,0.0,,,,,,
2010-02-20,,-0.6,4.6,,2.2,,,,,,
2010-02-21,,1.0,8.9,,0.8,,,,,,
2010-02-22,,5.3,14.8,,2.6,,,,,,
2010-02-23,,9.0,13.4,,1.0,,,,,,
2010-02-24,,6.2,12.5,,4.6,,,,,,
2010-02-25,,7.6,12.2,,3.8,,,,,,
2010-02-26,,5.8,11.6,,2.4,,,,,,
2010-02-27,,4.0,13.6,,11.0,,,,,,
2010-02-28,,7.1,10.6,,1.0,,,,,,
2010-03-01,,-0.3,10.6,,2.6,,,,,,
2010-03-02,,4.9,11.4,,0.0,,,,,,
2010-03-03,,2.6,10.1,,0.0,,,,,,
2010-03-04,,1.4,7.7,,0.0,,,,,,
2010-03-05,,-2.3,6.6,,0.0,,,,,,
2010-03-06,,-1.7,6.8,,0.0,,,,,,
2010-03-07,,-3.5,4.0,,0.0,,,,,,
2010-03-08,,-3.1,6.3,,0.0,,,,,,
2010-03-09,,-2.5,4.4,,0.0,,,,,,
2010-03-10,,-2.1,8.6,,0.0,,,,,,
2010-03-11,,-1.7,6.6,,0.0,,,,,,
2010-03-12,,-2.4,6.0,,0.0,,,,,,
2010-03-13,,3.1,7.9,,0.0,,,,,,
2010-03-14,,2.8,8.8,,0.0,,,,,,
2010-03-15,,-0.1,12.9,,0.2,,,,,,
2010-03-16,,0.4,14.7,,0.0,,,,,,
2010-03-17,,0.8,17.5,,0.0,,,,,,
2010-03-18,,4.1,19.6,,0.0,,,,,,
2010-03-19,,12.1,19.2,,4.0,,,,,,
2010-03-20,,11.5,16.1,,15.7,,,,,,
2010-03-21,,8.0,12.9,,0.2,,,,,,
2010-03-22,,3.4,15.5,,0.0,,,,,,
2010-03-23,,3.8,16.0,,0.2,,,,,,
2010-03-24,,7.3,19.1,,0.0,,,,,,
2010-03-25,,11.6,18.7,,5.0,,,,,,
2010-03-26,,8.2,12.9,,4.2,,,,,,
2010-03-27,,6.2,13.8,,2.4,,,,,,
2010-03-28,,7.2,13.7,,2.2,,,,,,
2010-03-29,,10.4,18.2,,4.6,,,,,,
2010-03-30,,4.8,13.5,,3.2,,,,,,
2010-03-31,,5.2,11.6,,0.4,,,,,,
2010-04-01,,2.3,12.6,,0.0,,,,,,
2010-04-02,,4.3,10.9,,6.2,,,,,,
2010-04-03,,6.1,11.6,,6.0,,,,,,
2010-04-04,,6.2,11.5,,1.0,,,,,,
2010-04-05,,0.1,14.1,,0.2,,,,,,
2010-04-06,,2.1,19.1,,0.0,,,,,,
2010-04-07,,6.7,18.0,,2.4,,,,,,
2010-04-08,,8.6,13.4,,0.0,,,,,,
2010-04-09,,4.2,17.0,,0.0,,,,,,
2010-04-10,,7.4,16.2,,0.0,,,,,,
2010-04-11,,4.6,13.2,,0.0,,,,,,
2010-04-12,,3.8,12.9,,0.8,,,,,,
2010-04-13,,5.4,16.1,,3.6,,,,,,
2010-04-14,,5.9,14.7,,0.0,,,,,,
2010-04-15,,5.0,15.4,,0.4,,,,,,
2010-04-16,,5.9,15.4,,0.0,,,,,,
2010-04-17,,3.2,18.1,,0.0,,,,,,
2010-04-18,,5.2,21.8,,0.0,,,,,,
2010-04-19,,6.2,21.0,,0.0,,,,,,
2010-04-20,,5.4,17.4,,0.0,,,,,,
2010-04-21,,1.4,16.8,,0.0,,,,,,
2010-04-22,,4.6,15.5,,0.0,,,,,,
2010-04-23,,4.1,18.9,,0.0,,,,,,
2010-04-24,,6.4,23.2,,0.0,,,,,,
2010-04-25,,7.8,22.3,,1.0,,,,,,
2010-04-26,,7.2,17.2,,0.0,,,,,,
2010-04-27,,5.5,20.0,,0.0,,,,,,
2010-04-28,,6.8,25.3,,0.0,,,,,,
2010-04-29,,10.9,26.9,,0.0,,,,,,
2010-04-30,,11.2,17.9,,0.0,,,,,,
2010-05-01,,7.2,17.4,,1.0,,,,,,
2010-05-02,,9.6,16.3,,1.4,,,,,,
2010-05-03,,5.9,8.9,,0.0,,,,,,
2010-05-04,,6.0,12.0,,0.0,,,,,,
2010-05-05,,4.4,12.4,,0.0,,,,,,
2010-05-06,,5.4,15.8,,0.0,,,,,,
2010-05-07,,4.8,14.2,,0.0,,,,,,
2010-05-08,,6.0,17.7,,2.6,,,,,,
2010-05-09,,8.9,18.1,,0.0,,,,,,
2010-05-10,,7.4,15.3,,3.6,,,,,,
2010-05-11,,6.0,7.4,,10.8,,,,,,
2010-05-12,,5.5,12.2,,0.4,,,,,,
2010-05-13,,5.5,11.5,,0.6,,,,,,
2010-05-14,,7.2,11.1,,0.4,,,,,,
2010-05-15,,5.9,15.9,,0.0,,,,,,
2010-05-16,,4.0,17.9,,0.2,,,,,,
2010-05-17,,10.0,18.9,,0.0,,,,,,
2010-05-18,,3.9,19.5,,0.0,,,,,,
2010-05-19,,6.7,19.5,,0.0,,,,,,
2010-05-20,,7.0,21.9,,0.0,,,,,,
2010-05-21,,11.5,23.2,,0.0,,,,,,
2010-05-22,,12.6,24.1,,0.0,,,,,,
2010-05-23,,11.7,26.4,,0.0,,,,,,
2010-05-24,,11.3,29.6,,0.0,,,,,,
2010-05-25,,13.3,29.6,,0.0,,,,,,
2010-05-26,,16.6,21.7,,2.6,,,,,,
2010-05-27,,12.7,19.4,,11.8,,,,,,
2010-05-28,,10.5,20.9,,0.0,,,,,,
2010-05-29,,9.7,17.6,,1.4,,,,,,
2010-05-30,,12.8,17.5,,0.2,,,,,,
2010-05-31,,11.8,16.9,,0.0,,,,,,
2010-06-01,,7.5,17.2,,4.6,,,,,,
2010-06-02,,11.9,21.6,,0.0,,,,,,
2010-06-03,,11.6,24.4,,0.0,,,,,,
2010-06-04,,13.3,27.6,,0.0,,,,,,
2010-06-05,,13.7,28.9,,0.0,,,,,,
2010-06-06,,17.2,21.9,,2.4,,,,,,
2010-06-07,,10.6,23.4,,0.0,,,,,,
2010-06-08,,15.5,23.2,,2.2,,,,,,
2010-06-09,,15.1,18.0,,4.8,,,,,,
2010-06-10,,15.9,24.9,,4.6,,,,,,
2010-06-11,,14.5,26.1,,24.6,,,,,,
2010-06-12,,15.3,20.2,,0.8,,,,,,
2010-06-13,,11.1,20.3,,0.0,,,,,,
2010-06-14,,12.7,20.4,,0.0,,,,,,
2010-06-15,,13.9,21.5,,0.0,,,,,,
2010-06-16,,10.6,21.4,,0.0,,,,,,
2010-06-17,,14.4,20.0,,0.2,,,,,,
2010-06-18,,13.1,20.8,,1.0,,,,,,
2010-06-19,,10.7,17.4,,0.6,,,,,,
2010-06-20,,9.7,15.5,,0.0,,,,,,
2010-06-21,,8.6,18.3,,0.0,,,,,,
2010-06-22,,9.8,23.1,,0.0,,,,,,
2010-06-23,,11.1,25.7,,0.0,,,,,,
2010-06-24,,13.1,28.2,,0.0,,,,,,
2010-06-25,,14.4,28.4,,0.0,,,,,,
2010-06-26,,16.3,30.0,,0.0,,,,,,
2010-06-27,,16.4,31.1,,0.0,,,,,,
2010-06-28,,18.7,30.7,,35.0,,,,,,
2010-06-29,,17.1,28.9,,0.0,,,,,,
2010-06-30,,13.6,30.7,,0.0,,,,,,
2010-07-01,,17.0,32.7,,0.0,,,,,,
2010-07-02,,20.0,34.0,,1.0,,,,,,
2010-07-03,,17.9,23.4,,18.3,,,,,,
2010-07-04,,14.8,27.1,,0.0,,,,,,
2010-07-05,,14.5,25.2,,0.0,,,,,,
2010-07-06,,11.2,25.7,,0.0,,,,,,
2010-07-07,,12.5,29.1,,0.0,,,,,,
2010-07-08,,14.5,33.6,,0.6,,,,,,
2010-07-09,,20.7,31.4,,0.0,,,,,,
2010-07-10,,20.4,27.8,,3.8,,,,,,
2010-07-11,,19.9,30.7,,24.1,,,,,,
2010-07-12,,18.8,27.5,,4.7,,,,,,
2010-07-13,,18.4,27.7,,0.0,,,,,,
2010-07-14,,16.4,22.6,,34.0,,,,,,
2010-07-15,,14.5,24.7,,0.0,,,,,,
2010-07-16,,15.7,25.0,,0.0,,,,,,
2010-07-17,,14.1,23.5,,0.0,,,,,,
2010-07-18,,10.5,24.8,,0.0,,,,,,
2010-07-19,,13.8,29.0,,0.0,,,,,,
2010-07-20,,15.0,32.1,,0.0,,,,,,
2010-07-21,,17.9,21.8,,0.8,,,,,,
2010-07-22,,14.3,25.5,,0.2,,,,,,
2010-07-23,,14.1,23.4,,0.0,,,,,,
2010-07-24,,11.6,24.2,,0.0,,,,,,
2010-07-25,,16.6,22.6,,0.0,,,,,,
2010-07-26,,15.2,24.9,,1.0,,,,,,
2010-07-27,,17.2,26.4,,0.2,,,,,,
2010-07-28,,18.2,27.4,,0.0,,,,,,
2010-07-29,,14.3,23.3,,0.0,,,,,,
2010-07-30,,10.7,25.3,,0.0,,,,,,
2010-07-31,,18.9,29.5,,0.6,,,,,,
2010-08-01,,17.3,24.6,,0.0,,,,,,
2010-08-02,,13.8,23.9,,9.1,,,,,,
2010-08-03,,11.3,24.5,,0.0,,,,,,
2010-08-04,,14.5,22.8,,2.0,,,,,,
2010-08-05,,13.9,22.3,,0.0,,,,,,
2010-08-06,,8.9,23.6,,0.0,,,,,,
2010-08-07,,13.9,27.1,,2.4,,,,,,
2010-08-08,,13.3,24.9,,0.0,,,,,,
2010-08-09,,15.6,27.6,,0.0,,,,,,
2010-08-10,,12.7,25.8,,1.6,,,,,,
2010-08-11,,16.9,22.6,,23.9,,,,,,
2010-08-12,,12.6,22.6,,0.0,,,,,,
2010-08-13,,13.0,22.4,,1.4,,,,,,
2010-08-14,,11.5,22.2,,0.6,,,,,,
2010-08-15,,14.0,16.7,,30.2,,,,,,
2010-08-16,,13.4,18.5,,6.8,,,,,,
2010-08-17,,13.7,19.2,,0.4,,,,,,
2010-08-18,,15.3,21.8,,0.0,,,,,,
2010-08-19,,9.2,25.5,,0.0,,,,,,
2010-08-20,,14.2,29.7,,0.0,,,,,,
2010-08-21,,15.5,30.5,,0.0,,,,,,
2010-08-22,,17.3,28.9,,0.0,,,,,,
2010-08-23,,19.1,23.8,,3.8,,,,,,
2010-08-24,,12.3,22.1,,0.0,,,,,,
2010-08-25,,11.1,22.6,,0.0,,,,,,
2010-08-26,,19.5,25.8,,10.6,,,,,,
2010-08-27,,17.3,25.9,,3.0,,,,,,
2010-08-28,,11.4,21.4,,0.0,,,,,,
2010-08-29,,9.9,20.1,,2.2,,,,,,
2010-08-30,,8.7,19.0,,0.0,,,,,,
2010-08-31,,9.3,20.0,,0.0,,,,,,
2010-09-01,,9.9,22.0,,0.0,,,,,,
2010-09-02,,11.3,23.1,,0.0,,,,,,
2010-09-03,,11.3,23.4,,0.0,,,,,,
2010-09-04,,12.1,22.4,,0.0,,,,,,
2010-09-05,,12.0,24.0,,0.0,,,,,,
2010-09-06,,13.8,20.3,,2.8,,,,,,
2010-09-07,,13.8,21.2,,13.5,,,,,,
2010-09-08,,14.4,17.0,,4.0,,,,,,
2010-09-09,,11.0,21.7,,6.0,,,,,,
2010-09-10,,9.6,23.3,,0.2,,,,,,
2010-09-11,,11.7,24.7,,0.0,,,,,,
2010-09-12,,14.0,21.9,,0.8,,,,,,
2010-09-13,,8.5,22.2,,0.0,,,,,,
2010-09-14,,13.9,23.5,,8.4,,,,,,
2010-09-15,,13.3,20.3,,0.4,,,,,,
2010-09-16,,10.0,19.6,,0.0,,,,,,
2010-09-17,,7.9,19.0,,0.2,,,,,,
2010-09-18,,4.3,17.9,,0.0,,,,,,
2010-09-19,,4.0,20.6,,0.0,,,,,,
2010-09-20,,8.1,22.6,,0.0,,,,,,
2010-09-21,,6.8,23.4,,0.0,,,,,,
2010-09-22,,8.0,26.0,,0.0,,,,,,
2010-09-23,,12.3,23.1,,11.2,,,,,,
2010-09-24,,12.9,18.5,,1.8,,,,,,
2010-09-25,,11.0,14.6,,0.0,,,,,,
2010-09-26,,5.1,14.2,,7.8,,,,,,
2010-09-27,,9.0,13.5,,0.0,,,,,,
2010-09-28,,7.9,16.2,,0.0,,,,,,
2010-09-29,,12.3,19.5,,1.6,,,,,,
2010-09-30,,12.8,17.6,,0.8,,,,,,
2010-10-01,,8.7,17.2,,7.0,,,,,,
2010-10-02,,13.4,20.6,,0.0,,,,,,
2010-10-03,,14.5,24.6,,0.8,,,,,,
2010-10-04,,15.6,18.2,,1.8,,,,,,
2010-10-05,,12.2,17.1,,0.2,,,,,,
2010-10-06,,14.4,18.6,,0.0,,,,,,
2010-10-07,,14.0,22.4,,0.2,,,,,,
2010-10-08,,12.6,22.5,,0.2,,,,,,
2010-10-09,,12.0,23.6,,0.0,,,,,,
2010-10-10,,11.7,19.2,,0.0,,,,,,
2010-10-11,,9.1,20.6,,0.0,,,,,,
2010-10-12,,6.4,16.9,,0.0,,,,,,
2010-10-13,,4.8,14.0,,0.0,,,,,,
2010-10-14,,5.3,14.3,,0.0,,,,,,
2010-10-15,,8.9,13.1,,5.0,,,,,,
2010-10-16,,8.9,13.9,,0.4,,,,,,
2010-10-17,,3.3,7.8,,0.0,,,,,,
2010-10-18,,1.0,13.6,,0.0,,,,,,
2010-10-19,,9.1,13.6,,4.2,,,,,,
2010-10-20,,5.7,11.2,,0.0,,,,,,
2010-10-21,,-2.0,11.2,,0.2,,,,,,
2010-10-22,,-0.6,10.8,,0.0,,,,,,
2010-10-23,,0.2,11.9,,4.8,,,,,,
2010-10-24,,3.1,11.6,,0.2,,,,,,
2010-10-25,,4.1,11.7,,0.0,,,,,,
2010-10-26,,-1.2,11.8,,0.2,,,,,,
2010-10-27,,7.3,14.1,,0.6,,,,,,
2010-10-28,,8.6,13.3,,0.0,,,,,,
2010-10-29,,7.2,16.0,,7.6,,,,,,
2010-10-30,,9.5,14.5,,1.4,,,,,,
2010-10-31,,8.5,16.6,,0.2,,,,,,
2010-11-01,,7.5,14.6,,0.2,,,,,,
2010-11-02,,4.9,13.1,,0.2,,,,,,
2010-11-03,,11.1,15.9,,0.0,,,,,,
2010-11-04,,13.4,17.0,,0.0,,,,,,
2010-11-05,,10.3,18.0,,0.0,,,,,,
2010-11-06,,10.4,12.7,,13.8,,,,,,
2010-11-07,,6.0,8.5,,7.8,,,,,,
2010-11-08,,2.8,7.7,,13.0,,,,,,
2010-11-09,,5.6,9.9,,11.0,,,,,,
2010-11-10,,4.2,9.9,,0.8,,,,,,
2010-11-11,,0.7,14.7,,10.0,,,,,,
2010-11-12,,10.1,15.3,,1.6,,,,,,
2010-11-13,,13.7,15.6,,1.8,,,,,,
2010-11-14,,11.5,13.4,,0.8,,,,,,
2010-11-15,,4.4,11.1,,0.2,,,,,,
2010-11-16,,3.2,11.5,,0.2,,,,,,
2010-11-17,,1.8,6.2,,0.6,,,,,,
2010-11-18,,5.0,8.2,,0.8,,,,,,
2010-11-19,,4.7,7.3,,0.0,,,,,,
2010-11-20,,5.1,10.4,,3.0,,,,,,
2010-11-21,,4.6,6.7,,5.6,,,,,,
2010-11-22,,3.9,5.0,,0.0,,,,,,
2010-11-23,,0.3,6.7,,0.2,,,,,,
2010-11-24,,2.0,8.1,,6.8,,,,,,
2010-11-25,,0.8,5.1,,1.8,,,,,,
2010-11-26,,-1.3,4.1,,3.4,,,,,,
